MCC,MNC,ISO,Country,Country Code,Network
289,68,ge,Abkhazia,7,A-Mobile 
289,88,ge,Abkhazia,7,A-Mobile 
289,67,ge,Abkhazia,7,Aquafon 
412,1,af,Afghanistan,93,AWCC 
412,50,af,Afghanistan,93,Etisalat 
412,80,af,Afghanistan,93,Mobifone 
412,88,af,Afghanistan,93,Mobifone 
412,40,af,Afghanistan,93,MTN 
412,20,af,Afghanistan,93,Roshan 
276,3,al,Albania,355,ALBtelecom Mobile / Eagle 
276,1,al,Albania,355,One / AMC 
276,2,al,Albania,355,Vodafone 
603,2,dz,Algeria,213,Djezzy 
603,1,dz,Algeria,213,Mobilis 
603,3,dz,Algeria,213,Ooredoo 
544,780,as,American Samoa,684,ASTCA Mobile 
544,11,as,American Samoa,684,BlueSky 
213,3,ad,Andorra,376,Andorra Telecom / Mobiland 
631,4,ao,Angola,244,MoviCel 
631,2,ao,Angola,244,Unitel 
365,850,ai,Anguilla,1264,Digicel 
365,840,ai,Anguilla,1264,Flow 
344,93,ag,Antigua and Barbuda,1268,Digicel 
344,930,ag,Antigua and Barbuda,1268,Digicel 
344,92,ag,Antigua and Barbuda,1268,Flow 
344,920,ag,Antigua and Barbuda,1268,Flow 
344,3,ag,Antigua and Barbuda,1268,imobile / APUA 
344,30,ag,Antigua and Barbuda,1268,imobile / APUA 
722,31,ar,Argentina,54,Claro 
722,320,ar,Argentina,54,Claro 
722,310,ar,Argentina,54,Claro 
722,330,ar,Argentina,54,Claro 
722,70,ar,Argentina,54,Movistar 
722,7,ar,Argentina,54,Movistar 
722,10,ar,Argentina,54,Movistar 
722,34,ar,Argentina,54,Personal 
722,341,ar,Argentina,54,Personal 
722,340,ar,Argentina,54,Personal 
283,1,am,Armenia,374,Beeline 
283,4,am,Armenia,374,KT 
283,10,am,Armenia,374,Orange 
283,5,am,Armenia,374,Viva-MTS 
363,2,aw,Aruba,297,Digicel 
363,1,aw,Aruba,297,SETAR 
505,30,au,Australia,61,Compatel 
505,19,au,Australia,61,Lycamobile 
505,35,au,Australia,61,MessageBird 
505,10,au,Australia,61,Norfolk Telecom 
505,90,au,Australia,61,Optus 
505,50,au,Australia,61,Pivotel 
505,88,au,Australia,61,Pivotel 
505,13,au,Australia,61,RailCorp 
505,26,au,Australia,61,Sinch 
505,2,au,Australia,61,Optus 
505,71,au,Australia,61,Telstra 
505,72,au,Australia,61,Telstra 
505,1,au,Australia,61,Telstra 
505,11,au,Australia,61,Telstra 
505,39,au,Australia,61,Telstra 
505,16,au,Australia,61,VicTrack 
505,7,au,Australia,61,Vodafone 
505,3,au,Australia,61,Vodafone 
505,6,au,Australia,61,Vodafone 
505,12,au,Australia,61,Vodafone 
232,10,at,Austria,43,3
232,14,at,Austria,43,3
232,19,at,Austria,43,3
232,5,at,Austria,43,3
232,16,at,Austria,43,3
232,11,at,Austria,43,A1 Telekom 
232,2,at,Austria,43,A1 Telekom 
232,12,at,Austria,43,A1 Telekom 
232,9,at,Austria,43,A1 Telekom 
232,1,at,Austria,43,A1 Telekom 
232,25,at,Austria,43,Holding Graz 
232,26,at,Austria,43,LIWEST Mobil 
232,8,at,Austria,43,Lycamobile 
232,17,at,Austria,43,MRS 
232,20,at,Austria,43,Mtel 
232,91,at,Austria,43,OBB Infrastruktur 
232,22,at,Austria,43,Plintron 
232,24,at,Austria,43,Smartel Services 
232,18,at,Austria,43,smartspace 
232,23,at,Austria,43,T-Mobile / Magenta 
232,4,at,Austria,43,T-Mobile / Magenta 
232,3,at,Austria,43,T-Mobile / Magenta 
232,13,at,Austria,43,T-Mobile / Magenta 
232,27,at,Austria,43,Tismi 
232,7,at,Austria,43,Ventocom 
400,1,az,Azerbaijan,994,Azercell 
400,2,az,Azerbaijan,994,Bakcell 
400,3,az,Azerbaijan,994,FONEX 
400,4,az,Azerbaijan,994,Nar Mobile 
400,6,az,Azerbaijan,994,Naxtel 
364,490,bs,Bahamas,1242,Aliv 
364,390,bs,Bahamas,1242,Cybercell / BaTelCo 
364,39,bs,Bahamas,1242,Cybercell / BaTelCo 
364,30,bs,Bahamas,1242,Cybercell / BaTelCo 
426,1,bh,Bahrain,973,Batelco 
426,5,bh,Bahrain,973,Royal Court 
426,4,bh,Bahrain,973,VIVA 
426,2,bh,Bahrain,973,Zain 
470,2,bd,Bangladesh,880,Airtel 
470,7,bd,Bangladesh,880,Airtel 
470,3,bd,Bangladesh,880,Banglalink 
470,1,bd,Bangladesh,880,GrameenPhone 
470,4,bd,Bangladesh,880,TeleTalk 
342,50,bb,Barbados,1246,Digicel 
342,600,bb,Barbados,1246,Flow / Lime 
257,4,by,Belarus,375,life:) 
257,2,by,Belarus,375,MTS 
257,1,by,Belarus,375,velcom A1 
206,20,be,Belgium,32,Base 
206,28,be,Belgium,32,BICS 
206,25,be,Belgium,32,Dense Air 
206,23,be,Belgium,32,Dust Mobile 
206,33,be,Belgium,32,Ericsson 
206,2,be,Belgium,32,Infrabel 
206,99,be,Belgium,32,Lancelot 
206,6,be,Belgium,32,Lycamobile 
206,30,be,Belgium,32,Mobile Vikings 
206,10,be,Belgium,32,Mobistar / Orange 
206,34,be,Belgium,32,onoff 
206,4,be,Belgium,32,Proximus 
206,0,be,Belgium,32,Proximus 
206,1,be,Belgium,32,Proximus 
206,5,be,Belgium,32,Telenet 
206,7,be,Belgium,32,Vectone Mobile 
206,8,be,Belgium,32,VOOmobile 
702,67,bz,Belize,501,DigiCell 
702,69,bz,Belize,501,Smart 
702,99,bz,Belize,501,Smart 
616,2,bj,Benin,229,Moov 
616,3,bj,Benin,229,MTN 
350,1,bm,Bermuda,1441,Digicel 
350,0,bm,Bermuda,1441,One 
402,17,bt,Bhutan,975,B-Mobile 
402,11,bt,Bhutan,975,B-Mobile 
402,77,bt,Bhutan,975,TashiCell 
736,2,bo,Bolivia,591,Entel Movil 
736,3,bo,Bolivia,591,Tigo 
736,1,bo,Bolivia,591,Viva 
218,90,ba,Bosnia and Herzegovina,387,BH Mobile 
218,3,ba,Bosnia and Herzegovina,387,Eronet 
218,5,ba,Bosnia and Herzegovina,387,m:tel 
652,4,bw,Botswana,267,beMobile 
652,1,bw,Botswana,267,Mascom 
652,2,bw,Botswana,267,Orange 
724,32,br,Brazil,55,Algar Telecom 
724,33,br,Brazil,55,Algar Telecom 
724,34,br,Brazil,55,Algar Telecom 
724,26,br,Brazil,55,Americanet 
724,5,br,Brazil,55,Claro 
724,38,br,Brazil,55,Claro 
724,21,br,Brazil,55,Ligue 
724,39,br,Brazil,55,Claro-nxt/Nextel 
724,0,br,Brazil,55,Claro-nxt/Nextel 
724,16,br,Brazil,55,Oi Movel 
724,31,br,Brazil,55,Oi Movel 
724,15,br,Brazil,55,Sercomtel 
724,17,br,Brazil,55,Surf 
724,4,br,Brazil,55,TIM 
724,54,br,Brazil,55,TIM 
724,3,br,Brazil,55,TIM 
724,2,br,Brazil,55,TIM 
724,10,br,Brazil,55,Vivo 
724,11,br,Brazil,55,Vivo 
724,23,br,Brazil,55,Vivo 
724,6,br,Brazil,55,Vivo 
348,570,vg,British Virgin Islands,284,CCT 
348,770,vg,British Virgin Islands,284,Digicel 
348,170,vg,British Virgin Islands,284,Flow 
528,2,bn,Brunei,673,Progresif Cellular / B-Mobile 
528,11,bn,Brunei,673,DST 
528,3,bn,Brunei,673,DST 
528,1,bn,Brunei,673,imagine 
284,1,bg,Bulgaria,359,A1 
284,11,bg,Bulgaria,359,Bulsatcom 
284,13,bg,Bulgaria,359,T.com 
284,5,bg,Bulgaria,359,Telenor 
284,3,bg,Bulgaria,359,Vivacom 
613,2,bf,Burkina Faso,226,Orange 
613,3,bf,Burkina Faso,226,Telecel 
613,1,bf,Burkina Faso,226,Telmob 
642,82,bi,Burundi,257,Leo 
642,1,bi,Burundi,257,Leo 
642,8,bi,Burundi,257,Lumitel 
642,3,bi,Burundi,257,ONAMOB 
642,7,bi,Burundi,257,Smart 
456,4,kh,Cambodia,855,QB 
456,18,kh,Cambodia,855,Cellcard 
456,1,kh,Cambodia,855,Cellcard 
456,16,kh,Cambodia,855,CooTel 
456,8,kh,Cambodia,855,Metfone 
456,11,kh,Cambodia,855,Seatel 
456,5,kh,Cambodia,855,Smart 
456,6,kh,Cambodia,855,Smart 
456,2,kh,Cambodia,855,Smart 
624,1,cm,Cameroon,237,MTN 
624,4,cm,Cameroon,237,Nextel 
624,2,cm,Cameroon,237,Orange 
302,660,ca,Canada,1,Bell Mobility 
302,630,ca,Canada,1,Bell Mobility 
302,690,ca,Canada,1,Bell Mobility 
302,610,ca,Canada,1,Bell Mobility 
302,69,ca,Canada,1,Bell Mobility 
302,64,ca,Canada,1,Bell Mobility 
302,640,ca,Canada,1,Bell Mobility 
302,61,ca,Canada,1,Bell Mobility 
302,66,ca,Canada,1,Bell Mobility 
302,63,ca,Canada,1,Bell Mobility 
302,270,ca,Canada,1,eastlink 
302,37,ca,Canada,1,Fido 
302,370,ca,Canada,1,Fido 
302,491,ca,Canada,1,Freedom Mobile 
302,490,ca,Canada,1,Freedom Mobile 
302,49,ca,Canada,1,Freedom Mobile 
302,62,ca,Canada,1,Ice Wireless 
302,620,ca,Canada,1,Ice Wireless 
302,53,ca,Canada,1,K-Net Mobile 
302,380,ca,Canada,1,K-Net Mobile 
302,530,ca,Canada,1,K-Net Mobile 
302,38,ca,Canada,1,K-Net Mobile 
302,320,ca,Canada,1,Rogers 
302,820,ca,Canada,1,Rogers 
302,72,ca,Canada,1,Rogers 
302,720,ca,Canada,1,Rogers 
302,721,ca,Canada,1,Rogers 
302,32,ca,Canada,1,Rogers 
302,82,ca,Canada,1,Rogers 
302,680,ca,Canada,1,SaskTel Mobility 
302,780,ca,Canada,1,SaskTel Mobility 
302,781,ca,Canada,1,SaskTel Mobility 
302,75,ca,Canada,1,SaskTel Mobility 
302,68,ca,Canada,1,SaskTel Mobility 
302,681,ca,Canada,1,SaskTel Mobility 
302,750,ca,Canada,1,SaskTel Mobility 
302,78,ca,Canada,1,SaskTel Mobility 
302,86,ca,Canada,1,Telus Mobility 
302,22,ca,Canada,1,Telus Mobility 
302,760,ca,Canada,1,Telus Mobility 
302,22,ca,Canada,1,Telus Mobility 
302,860,ca,Canada,1,Telus Mobility 
302,360,ca,Canada,1,Telus Mobility 
302,221,ca,Canada,1,Telus Mobility 
302,36,ca,Canada,1,Telus Mobility 
302,76,ca,Canada,1,Telus Mobility 
302,220,ca,Canada,1,Telus Mobility 
302,510,ca,Canada,1,Videotron 
302,500,ca,Canada,1,Videotron 
302,51,ca,Canada,1,Videotron 
302,520,ca,Canada,1,Videotron 
302,50,ca,Canada,1,Videotron 
625,1,cv,Cape Verde,238,CVMovel 
625,2,cv,Cape Verde,238,Unitel T+ 
346,50,ky,Cayman Islands,1345,Digicel 
346,140,ky,Cayman Islands,1345,Flow / Lime 
346,1,ky,Cayman Islands,1345,Logic 
623,4,cf,Central African Republic,236,Azur 
623,1,cf,Central African Republic,236,Moov 
623,3,cf,Central African Republic,236,Orange 
623,2,cf,Central African Republic,236,Telecel 
622,1,td,Chad,235,Airtel 
622,3,td,Chad,235,Moov 
622,4,td,Chad,235,Salam 
730,22,cl,Chile,56,Cellplus 
730,11,cl,Chile,56,Celupago 
730,15,cl,Chile,56,Cibeles Telecom 
730,27,cl,Chile,56,Cibeles Telecom 
730,23,cl,Chile,56,Claro 
730,3,cl,Chile,56,Claro 
730,17,cl,Chile,56,Compatel 
730,18,cl,Chile,56,Empresas Bunker 
730,10,cl,Chile,56,Entel 
730,1,cl,Chile,56,Entel 
730,6,cl,Chile,56,INNET 
730,20,cl,Chile,56,Inversiones Santa Fe 
730,19,cl,Chile,56,Movil Falabella 
730,2,cl,Chile,56,Movistar 
730,7,cl,Chile,56,Movistar 
730,14,cl,Chile,56,Netline 
730,16,cl,Chile,56,Nomade Telecomunicaciones 
730,12,cl,Chile,56,Telestar 
730,13,cl,Chile,56,Virgin Mobile 
730,8,cl,Chile,56,VTR Movil 
730,9,cl,Chile,56,WOM 
730,5,cl,Chile,56,WOM 
730,4,cl,Chile,56,WOM 
460,7,cn,China,86,China Mobile 
460,0,cn,China,86,China Mobile 
460,8,cn,China,86,China Mobile 
460,2,cn,China,86,China Mobile 
460,4,cn,China,86,China Mobile 
460,11,cn,China,86,China Telecom 
460,12,cn,China,86,China Telecom 
460,3,cn,China,86,China Telecom 
460,9,cn,China,86,China Unicom 
460,10,cn,China,86,China Unicom 
460,6,cn,China,86,China Unicom 
460,1,cn,China,86,China Unicom 
732,130,co,Colombia,57,Avantel 
732,101,co,Colombia,57,Claro 
732,666,co,Colombia,57,Claro 
732,2,co,Colombia,57,Edatel 
732,187,co,Colombia,57,eTb 
732,240,co,Colombia,57,Flash Mobile 
732,220,co,Colombia,57,Libre Tecnologias 
732,1,co,Colombia,57,Movistar 
732,123,co,Colombia,57,Movistar 
732,230,co,Colombia,57,Setroc Mobile 
732,199,co,Colombia,57,SUMA movil 
732,103,co,Colombia,57,Tigo 
732,165,co,Colombia,57,Tigo 
732,111,co,Colombia,57,Tigo 
732,142,co,Colombia,57,UNE 
732,20,co,Colombia,57,UNE 
732,154,co,Colombia,57,Virgin Mobile 
732,360,co,Colombia,57,WOM 
654,1,km,Comoros,269,HURI 
654,2,km,Comoros,269,Telma 
629,1,cg,Congo,242,Airtel 
629,10,cg,Congo,242,MTN 
629,7,cg,Congo,242,Warid 
548,1,ck,Cook Islands,682,Vodafone / Bluesky 
712,3,cr,Costa Rica,506,Claro 
712,2,cr,Costa Rica,506,Kolbi / ICE 
712,1,cr,Costa Rica,506,Kolbi / ICE 
712,4,cr,Costa Rica,506,Movistar 
219,10,hr,Croatia,385,A1 / VIP 
219,1,hr,Croatia,385,T-Mobile 
219,12,hr,Croatia,385,TELE FOCUS 
219,2,hr,Croatia,385,Telemach / Tele2 
368,1,cu,Cuba,53,Cubacel 
280,22,cy,Cyprus,357,Cablenet / Lemontel 
280,2,cy,Cyprus,357,Cytamobile-Vodafone 
280,1,cy,Cyprus,357,Cytamobile-Vodafone 
280,10,cy,Cyprus,357,Epic / MTN 
280,20,cy,Cyprus,357,PrimeTel 
230,8,cz,Czech Republic,420,Compatel 
230,4,cz,Czech Republic,420,Nordic Telecom 
230,2,cz,Czech Republic,420,O2 
230,5,cz,Czech Republic,420,PODA 
230,98,cz,Czech Republic,420,SZDC 
230,7,cz,Czech Republic,420,T-Mobile 
230,1,cz,Czech Republic,420,T-Mobile 
230,9,cz,Czech Republic,420,Uniphone 
230,3,cz,Czech Republic,420,Vodafone 
630,90,cd,Democratic Republic of Congo,243,Africell 
630,2,cd,Democratic Republic of Congo,243,Airtel 
630,86,cd,Democratic Republic of Congo,243,Orange 
630,5,cd,Democratic Republic of Congo,243,Supercell 
630,1,cd,Democratic Republic of Congo,243,Vodacom 
630,88,cd,Democratic Republic of Congo,243,Yozma Timeturns 
238,6,dk,Denmark,45,3
238,23,dk,Denmark,45,Banedanmark 
238,88,dk,Denmark,45,Cobira 
238,13,dk,Denmark,45,Compatel 
238,17,dk,Denmark,45,Gotanet 
238,42,dk,Denmark,45,Greenwave 
238,28,dk,Denmark,45,LINK Mobility 
238,12,dk,Denmark,45,Lycamobile 
238,14,dk,Denmark,45,Monty Mobile 
238,15,dk,Denmark,45,Net 1 
238,4,dk,Denmark,45,Nexcon.io 
238,73,dk,Denmark,45,Onomondo 
238,30,dk,Denmark,45,Pareteum 
238,3,dk,Denmark,45,Syniverse 
238,10,dk,Denmark,45,TDC 
238,1,dk,Denmark,45,TDC 
238,77,dk,Denmark,45,Telenor 
238,2,dk,Denmark,45,Telenor 
238,96,dk,Denmark,45,Telia 
238,20,dk,Denmark,45,Telia 
238,16,dk,Denmark,45,Tismi 
238,25,dk,Denmark,45,Viahub 
238,8,dk,Denmark,45,Voxbone / Bandwidth 
638,1,dj,Djibouti,253,Evatis 
366,50,dm,Dominica,1767,Digicel 
366,110,dm,Dominica,1767,Flow 
370,2,do,Dominican Republic,1809,Claro 
370,1,do,Dominican Republic,1809,Orange / Altice 
370,4,do,Dominican Republic,1809,Viva 
514,3,tl,East Timor,670,Telemor 
514,1,tl,East Timor,670,Telkomcel 
514,2,tl,East Timor,670,Timor Telecom 
740,1,ec,Ecuador,593,Claro 
740,2,ec,Ecuador,593,CNT movil 
740,0,ec,Ecuador,593,Movistar 
602,3,eg,Egypt,20,Etisalat 
602,1,eg,Egypt,20,Orange 
602,2,eg,Egypt,20,Vodafone 
602,4,eg,Egypt,20,WE 
706,1,sv,El Salvador,503,Claro 
706,2,sv,El Salvador,503,Digicel 
706,4,sv,El Salvador,503,Movistar 
706,5,sv,El Salvador,503,RED 
706,3,sv,El Salvador,503,Tigo 
627,3,gq,Equatorial Guinea,240,Muni 
627,1,gq,Equatorial Guinea,240,Orange 
657,1,er,Eritrea,291,Eritel 
248,2,ee,Estonia,372,Elisa 
248,3,ee,Estonia,372,Tele2 
248,13,ee,Estonia,372,Telia 
248,1,ee,Estonia,372,Telia 
248,4,ee,Estonia,372,TravelSim 
636,1,et,Ethiopia,251,Ethio Mobile 
636,2,et,Ethiopia,251,Safaricom 
750,1,fk,Falkland Islands,500,Sure 
288,1,fo,Faroe Islands,298,Faroese Telecom 
288,2,fo,Faroe Islands,298,Hey / Kall 
288,3,fo,Faroe Islands,298,Tosa 
542,2,fj,Fiji,679,DigiCell 
542,1,fj,Fiji,679,Vodafone 
244,14,fi,Finland,358,Alcom 
244,26,fi,Finland,358,Compatel 
244,4,fi,Finland,358,DNA 
244,3,fi,Finland,358,DNA 
244,13,fi,Finland,358,DNA 
244,12,fi,Finland,358,DNA 
244,21,fi,Finland,358,Elisa 
244,5,fi,Finland,358,Elisa 
244,6,fi,Finland,358,Elisa 
244,24,fi,Finland,358,Nord Connect 
244,9,fi,Finland,358,NSN 
244,7,fi,Finland,358,NSN 
244,39,fi,Finland,358,NSN 
244,38,fi,Finland,358,NSN 
244,8,fi,Finland,358,NSN 
244,41,fi,Finland,358,NSN 
244,40,fi,Finland,358,NSN 
244,43,fi,Finland,358,Telavox 
244,36,fi,Finland,358,Telia 
244,91,fi,Finland,358,Telia 
244,15,fi,Finland,358,Telit 
244,37,fi,Finland,358,Tismi 
244,35,fi,Finland,358,Ukko Mobile 
244,42,fi,Finland,358,Viahub 
244,47,fi,Finland,358,VIRVE 
244,46,fi,Finland,358,VIRVE 
244,45,fi,Finland,358,VIRVE 
244,33,fi,Finland,358,VIRVE 
244,32,fi,Finland,358,Voxbone / Bandwidth 
208,28,fr,France,33,Airmob 
208,88,fr,France,33,Bouygues Telecom 
208,21,fr,France,33,Bouygues Telecom 
208,20,fr,France,33,Bouygues Telecom 
208,34,fr,France,33,Cellhire 
208,27,fr,France,33,Coriolis 
208,16,fr,France,33,Free Mobile 
208,15,fr,France,33,Free Mobile 
208,36,fr,France,33,Free Mobile 
208,35,fr,France,33,Free Mobile 
208,94,fr,France,33,Halys 
208,89,fr,France,33,Hub One 
208,37,fr,France,33,IP Directions 
208,38,fr,France,33,Lebara 
208,17,fr,France,33,Legos 
208,25,fr,France,33,Lycamobile 
208,3,fr,France,33,MobiquiThings 
208,24,fr,France,33,MobiquiThings 
208,39,fr,France,33,Networth Telecom 
208,26,fr,France,33,NRJ 
208,1,fr,France,33,Orange 
208,2,fr,France,33,Orange 
208,91,fr,France,33,Orange 
208,32,fr,France,33,Orange 
208,11,fr,France,33,SFR 
208,8,fr,France,33,SFR 
208,10,fr,France,33,SFR 
208,13,fr,France,33,SFR 
208,9,fr,France,33,SFR 
208,30,fr,France,33,Syma Mobile 
208,22,fr,France,33,Transatel 
208,12,fr,France,33,Truphone 
208,31,fr,France,33,Vectone Mobile 
547,20,pf,French Polynesia,689,Vini 
547,15,pf,French Polynesia,689,Vodafone 
628,3,ga,Gabon,241,Airtel 
628,1,ga,Gabon,241,Libertis 
607,2,gm,Gambia,220,Africel 
607,3,gm,Gambia,220,Comium 
607,1,gm,Gambia,220,Gamcel 
607,4,gm,Gambia,220,QCell 
282,4,ge,Georgia,995,Beeline 
282,1,ge,Georgia,995,Geocell 
282,7,ge,Georgia,995,GlobalCell 
282,2,ge,Georgia,995,MagtiCom 
282,11,ge,Georgia,995,Mobilive 
282,22,ge,Georgia,995,MyPhone 
282,10,ge,Georgia,995,Premium Net 
282,8,ge,Georgia,995,Silknet 
282,12,ge,Georgia,995,Telecom 1 
262,23,de,Germany,49,1&1 
262,10,de,Germany,49,DB Netz 
262,14,de,Germany,49,Lebara 
262,43,de,Germany,49,Lycamobile 
262,13,de,Germany,49,T-mobile 
262,25,de,Germany,49,Mtel 
262,21,de,Germany,49,Multiconnect 
262,22,de,Germany,49,sipgate 
262,12,de,Germany,49,sipgate 
262,6,de,Germany,49,T-mobile 
262,1,de,Germany,49,T-mobile 
262,78,de,Germany,49,T-mobile 
262,24,de,Germany,49,TelcoVillage 
262,20,de,Germany,49,Telefonica / O2 
262,3,de,Germany,49,Telefonica / O2 
262,5,de,Germany,49,Telefonica / O2 
262,17,de,Germany,49,Telefonica / O2 
262,8,de,Germany,49,Telefonica / O2 
262,16,de,Germany,49,Telefonica / O2 
262,7,de,Germany,49,Telefonica / O2 
262,11,de,Germany,49,Telefonica / O2 
262,42,de,Germany,49,Truphone 
262,9,de,Germany,49,Vodafone 
262,4,de,Germany,49,Vodafone 
262,2,de,Germany,49,Vodafone 
620,3,gh,Ghana,233,Airtel 
620,6,gh,Ghana,233,Airtel 
620,7,gh,Ghana,233,Glo 
620,1,gh,Ghana,233,MTN 
620,5,gh,Ghana,233,National Security 
620,8,gh,Ghana,233,Surfline 
620,2,gh,Ghana,233,Vodafone 
266,1,gi,Gibraltar,350,Gibtel 
202,15,gr,Greece,30,BWS 
202,2,gr,Greece,30,Cosmote 
202,1,gr,Greece,30,Cosmote 
202,16,gr,Greece,30,Inter Telecom 
202,4,gr,Greece,30,OSE 
202,3,gr,Greece,30,OTE 
202,5,gr,Greece,30,Vodafone 
202,10,gr,Greece,30,Wind 
202,9,gr,Greece,30,Wind 
202,12,gr,Greece,30,Yuboto 
290,1,gl,Greenland,299,Tele Greenland 
352,50,gd,Grenada,1473,Digicel 
352,110,gd,Grenada,1473,Flow 
340,8,gf,Guadeloupe and Martinique and French Guiana,594,Amigo 
340,20,gf,Guadeloupe and Martinique and French Guiana,594,Digicel 
340,4,gf,Guadeloupe and Martinique and French Guiana,594,Free 
340,1,gf,Guadeloupe and Martinique and French Guiana,594,Orange 
340,2,gf,Guadeloupe and Martinique and French Guiana,594,SFR 
310,370,gu,Guam,1671,Docomo Pacific 
310,470,gu,Guam,1671,Docomo Pacific 
310,140,gu,Guam,1671,GTA 
310,110,gu,Guam,1671,IT&E 
704,1,gt,Guatemala,502,Claro 
704,3,gt,Guatemala,502,Movistar 
704,2,gt,Guatemala,502,Tigo 
611,5,gn,Guinea,224,Cellcom 
611,4,gn,Guinea,224,MTN 
611,1,gn,Guinea,224,Orange 
632,1,gw,Guinea-Bissau,245,Guinetel 
632,2,gw,Guinea-Bissau,245,MTN 
632,3,gw,Guinea-Bissau,245,Orange 
738,2,gy,Guyana,592,Cellink 
738,1,gy,Guyana,592,Digicel 
372,2,ht,Haiti,509,Digicel 
372,3,ht,Haiti,509,Natcom 
708,1,hn,Honduras,504,Claro 
708,1,hn,Honduras,504,Claro 
708,30,hn,Honduras,504,HonduTel 
708,30,hn,Honduras,504,HonduTel 
708,2,hn,Honduras,504,Tigo 
708,2,hn,Honduras,504,Tigo 
454,4,hk,Hong Kong,852,3
454,3,hk,Hong Kong,852,3
454,14,hk,Hong Kong,852,3
454,5,hk,Hong Kong,852,3
454,13,hk,Hong Kong,852,China Mobile 
454,32,hk,Hong Kong,852,HKBN 
454,12,hk,Hong Kong,852,China Mobile 
454,30,hk,Hong Kong,852,China Mobile 
454,7,hk,Hong Kong,852,China Unicom 
454,11,hk,Hong Kong,852,CHKTL 
454,1,hk,Hong Kong,852,Citic 
454,31,hk,Hong Kong,852,CTExcel 
454,36,hk,Hong Kong,852,Eascotel 
454,394,hk,Hong Kong,852,Government 
454,398,hk,Hong Kong,852,Government 
454,393,hk,Hong Kong,852,Government 
454,28,hk,Hong Kong,852,Government 
454,397,hk,Hong Kong,852,Government 
454,27,hk,Hong Kong,852,Government 
454,392,hk,Hong Kong,852,Government 
454,26,hk,Hong Kong,852,Government 
454,25,hk,Hong Kong,852,Government 
454,396,hk,Hong Kong,852,Government 
454,391,hk,Hong Kong,852,Government 
454,395,hk,Hong Kong,852,Government 
454,390,hk,Hong Kong,852,Government 
454,24,hk,Hong Kong,852,Multibyte 
454,6,hk,Hong Kong,852,SmarTone 
454,15,hk,Hong Kong,852,SmarTone 
454,17,hk,Hong Kong,852,SmarTone 
454,20,hk,Hong Kong,852,SUN Mobile / CSL 
454,18,hk,Hong Kong,852,SUN Mobile / CSL 
454,19,hk,Hong Kong,852,SUN Mobile / CSL 
454,16,hk,Hong Kong,852,SUN Mobile / CSL 
454,2,hk,Hong Kong,852,SUN Mobile / CSL 
454,0,hk,Hong Kong,852,SUN Mobile / CSL 
454,10,hk,Hong Kong,852,SUN Mobile / CSL 
454,8,hk,Hong Kong,852,Tru 
454,35,hk,Hong Kong,852,Webbing 
216,3,hu,Hungary,36,Digi 
216,2,hu,Hungary,36,MVM NET 
216,30,hu,Hungary,36,Telekom 
216,1,hu,Hungary,36,Telenor 
216,70,hu,Hungary,36,Vodafone 
274,11,is,Iceland,354,NOVA 
274,31,is,Iceland,354,Siminn 
274,8,is,Iceland,354,Siminn 
274,1,is,Iceland,354,Siminn 
274,16,is,Iceland,354,Tismi 
274,4,is,Iceland,354,Viking Wireless 
274,12,is,Iceland,354,Vodafone 
274,2,is,Iceland,354,Vodafone 
274,3,is,Iceland,354,Vodafone 
405,90,in,India,91,Airtel 
405,91,in,India,91,Aircel 
405,17,in,India,91,Aircel 
404,37,in,India,91,Aircel 
405,96,in,India,91,Airtel 
404,33,in,India,91,Aircel 
405,16,in,India,91,Airtel 
405,35,in,India,91,Aircel 
405,92,in,India,91,Airtel 
404,17,in,India,91,Aircel 
405,2,in,India,91,Airtel 
405,25,in,India,91,Aircel 
405,97,in,India,91,Airtel 
404,29,in,India,91,Aircel 
405,31,in,India,91,Airtel 
405,37,in,India,91,Aircel 
405,93,in,India,91,Airtel 
405,3,in,India,91,Airtel 
405,28,in,India,91,Aircel 
405,98,in,India,91,Airtel 
404,28,in,India,91,Aircel 
405,49,in,India,91,Airtel 
405,41,in,India,91,Aircel 
404,42,in,India,91,Aircel 
405,94,in,India,91,Airtel 
405,6,in,India,91,Airtel 
405,29,in,India,91,Aircel 
404,35,in,India,91,Aircel 
405,70,in,India,91,Airtel 
404,25,in,India,91,Aircel 
405,42,in,India,91,Aircel 
404,91,in,India,91,Aircel 
404,41,in,India,91,Aircel 
405,95,in,India,91,Airtel 
405,10,in,India,91,Airtel 
405,33,in,India,91,Aircel 
404,95,in,India,91,Airtel 
404,70,in,India,91,Airtel 
404,6,in,India,91,Airtel 
404,94,in,India,91,Airtel 
404,49,in,India,91,Airtel 
404,98,in,India,91,Airtel 
404,3,in,India,91,Airtel 
404,93,in,India,91,Airtel 
404,31,in,India,91,Airtel 
404,97,in,India,91,Airtel 
404,2,in,India,91,Airtel 
404,92,in,India,91,Airtel 
404,16,in,India,91,Airtel 
404,96,in,India,91,Airtel 
404,90,in,India,91,Airtel 
404,10,in,India,91,Airtel 
404,73,in,India,91,BSNL Mobile 
405,38,in,India,91,BSNL Mobile 
404,34,in,India,91,BSNL Mobile 
405,74,in,India,91,BSNL Mobile 
404,62,in,India,91,BSNL Mobile 
405,57,in,India,91,BSNL Mobile 
404,77,in,India,91,BSNL Mobile 
405,81,in,India,91,BSNL Mobile 
404,54,in,India,91,BSNL Mobile 
405,66,in,India,91,BSNL Mobile 
404,72,in,India,91,BSNL Mobile 
405,51,in,India,91,BSNL Mobile 
405,75,in,India,91,BSNL Mobile 
404,59,in,India,91,BSNL Mobile 
405,58,in,India,91,BSNL Mobile 
404,76,in,India,91,BSNL Mobile 
404,53,in,India,91,BSNL Mobile 
405,71,in,India,91,BSNL Mobile 
404,71,in,India,91,BSNL Mobile 
405,53,in,India,91,BSNL Mobile 
405,76,in,India,91,BSNL Mobile 
404,58,in,India,91,BSNL Mobile 
405,59,in,India,91,BSNL Mobile 
404,75,in,India,91,BSNL Mobile 
404,51,in,India,91,BSNL Mobile 
405,72,in,India,91,BSNL Mobile 
404,66,in,India,91,BSNL Mobile 
405,54,in,India,91,BSNL Mobile 
404,81,in,India,91,BSNL Mobile 
405,77,in,India,91,BSNL Mobile 
404,57,in,India,91,BSNL Mobile 
405,62,in,India,91,BSNL Mobile 
404,74,in,India,91,BSNL Mobile 
405,34,in,India,91,BSNL Mobile 
404,38,in,India,91,BSNL Mobile 
405,73,in,India,91,BSNL Mobile 
404,64,in,India,91,BSNL Mobile 
405,55,in,India,91,BSNL Mobile 
404,80,in,India,91,BSNL Mobile 
405,80,in,India,91,BSNL Mobile 
404,55,in,India,91,BSNL Mobile 
405,64,in,India,91,BSNL Mobile 
404,69,in,India,91,Dolphin 
405,69,in,India,91,Dolphin 
404,68,in,India,91,Garuda 
405,68,in,India,91,Garuda 
405,846,in,India,91,Idea 
404,12,in,India,91,Idea 
405,14,in,India,91,Idea 
404,845,in,India,91,Idea 
405,853,in,India,91,Idea 
405,56,in,India,91,Idea 
404,24,in,India,91,Idea 
404,850,in,India,91,Idea 
405,848,in,India,91,Idea 
404,7,in,India,91,Idea 
405,19,in,India,91,Idea 
404,82,in,India,91,Idea 
405,87,in,India,91,Idea 
404,89,in,India,91,Idea 
405,78,in,India,91,Idea 
404,22,in,India,91,Idea 
405,4,in,India,91,Idea 
404,849,in,India,91,Idea 
405,849,in,India,91,Idea 
404,4,in,India,91,Idea 
405,22,in,India,91,Idea 
404,78,in,India,91,Idea 
405,89,in,India,91,Idea 
404,87,in,India,91,Idea 
405,82,in,India,91,Idea 
404,19,in,India,91,Idea 
405,7,in,India,91,Idea 
404,848,in,India,91,Idea 
405,850,in,India,91,Idea 
405,24,in,India,91,Idea 
404,56,in,India,91,Idea 
404,853,in,India,91,Idea 
405,845,in,India,91,Idea 
404,14,in,India,91,Idea 
405,12,in,India,91,Idea 
404,846,in,India,91,Idea 
405,852,in,India,91,Idea 
405,44,in,India,91,Idea 
404,44,in,India,91,Idea 
404,852,in,India,91,Idea 
405,865,in,India,91,Jio 
404,866,in,India,91,Jio 
405,856,in,India,91,Jio 
405,870,in,India,91,Jio 
404,871,in,India,91,Jio 
404,862,in,India,91,Jio 
405,861,in,India,91,Jio 
404,855,in,India,91,Jio 
405,866,in,India,91,Jio 
404,867,in,India,91,Jio 
404,858,in,India,91,Jio 
405,857,in,India,91,Jio 
405,871,in,India,91,Jio 
404,872,in,India,91,Jio 
405,862,in,India,91,Jio 
404,863,in,India,91,Jio 
405,867,in,India,91,Jio 
404,868,in,India,91,Jio 
404,859,in,India,91,Jio 
405,858,in,India,91,Jio 
405,872,in,India,91,Jio 
404,873,in,India,91,Jio 
405,863,in,India,91,Jio 
404,864,in,India,91,Jio 
404,856,in,India,91,Jio 
405,854,in,India,91,Jio 
405,861,in,India,91,Jio 
405,868,in,India,91,Jio 
404,869,in,India,91,Jio 
404,860,in,India,91,Jio 
405,859,in,India,91,Jio 
405,873,in,India,91,Jio 
405,864,in,India,91,Jio 
404,865,in,India,91,Jio 
404,857,in,India,91,Jio 
405,855,in,India,91,Jio 
405,869,in,India,91,Jio 
404,870,in,India,91,Jio 
404,861,in,India,91,Jio 
405,860,in,India,91,Jio 
404,854,in,India,91,Jio 
405,874,in,India,91,Jio 
404,874,in,India,91,Jio 
404,21,in,India,91,Loop Mobile 
405,21,in,India,91,Loop Mobile 
404,67,in,India,91,Reliance Mobile 
405,36,in,India,91,Reliance Mobile 
404,23,in,India,91,Reliance Mobile 
405,85,in,India,91,Reliance Mobile 
405,8,in,India,91,Reliance Mobile 
404,83,in,India,91,Reliance Mobile 
404,8,in,India,91,Reliance Mobile 
405,50,in,India,91,Reliance Mobile 
404,36,in,India,91,Reliance Mobile 
405,9,in,India,91,Reliance Mobile 
404,85,in,India,91,Reliance Mobile 
404,9,in,India,91,Reliance Mobile 
405,52,in,India,91,Reliance Mobile 
404,50,in,India,91,Reliance Mobile 
405,18,in,India,91,Reliance Mobile 
405,67,in,India,91,Reliance Mobile 
404,52,in,India,91,Reliance Mobile 
405,23,in,India,91,Reliance Mobile 
404,18,in,India,91,Reliance Mobile 
405,83,in,India,91,Reliance Mobile 
405,46,in,India,91,Vodafone 
404,20,in,India,91,Vodafone 
405,20,in,India,91,Vodafone 
404,1,in,India,91,Vodafone 
404,46,in,India,91,Vodafone 
405,60,in,India,91,Vodafone 
405,5,in,India,91,Vodafone 
404,15,in,India,91,Vodafone 
404,88,in,India,91,Vodafone 
405,27,in,India,91,Vodafone 
404,43,in,India,91,Vodafone 
405,84,in,India,91,Vodafone 
405,11,in,India,91,Vodafone 
404,13,in,India,91,Vodafone 
404,86,in,India,91,Vodafone 
405,30,in,India,91,Vodafone 
404,30,in,India,91,Vodafone 
405,86,in,India,91,Vodafone 
405,13,in,India,91,Vodafone 
404,11,in,India,91,Vodafone 
404,84,in,India,91,Vodafone 
405,43,in,India,91,Vodafone 
405,1,in,India,91,Vodafone 
404,27,in,India,91,Vodafone 
405,88,in,India,91,Vodafone 
405,15,in,India,91,Vodafone 
404,5,in,India,91,Vodafone 
404,60,in,India,91,Vodafone 
510,89,id,Indonesia,62,3
510,62,id,Indonesia,62,Indosat Ooredoo 
510,1,id,Indonesia,62,Indosat Ooredoo 
510,21,id,Indonesia,62,Indosat Ooredoo 
510,27,id,Indonesia,62,Net1 
510,9,id,Indonesia,62,Smartfren 
510,99,id,Indonesia,62,Smartfren 
510,28,id,Indonesia,62,Smartfren 
510,10,id,Indonesia,62,Telkomsel 
510,20,id,Indonesia,62,Telkomsel 
510,11,id,Indonesia,62,XL 
510,8,id,Indonesia,62,XL 
901,67,n/a,International Networks,882,1NCE 
901,76,n/a,International Networks,882,A1 
901,14,n/a,International Networks,882,AeroMobile 
901,81,n/a,International Networks,882,Airnity 
901,82,n/a,International Networks,882,AnyNet 
901,24,n/a,International Networks,882,Bandwidth 
901,55,n/a,International Networks,882,Beezz 
901,58,n/a,International Networks,882,BICS 
901,70,n/a,International Networks,882,Bubbletone 
901,18,n/a,International Networks,882,Cingular Wireless Network 
901,16,n/a,International Networks,882,Cisco Jasper 
901,48,n/a,International Networks,882,Com4 Sweden 
901,73,n/a,International Networks,882,Cubic 
901,42,n/a,International Networks,882,DCN Hub 
901,40,n/a,International Networks,882,Deutsche Telekom 
901,50,n/a,International Networks,882,EchoStar Mobile 
901,43,n/a,International Networks,882,EMnify 
901,13,n/a,International Networks,882,GSM.AQ 
901,22,n/a,International Networks,882,i-lincc 
901,11,n/a,International Networks,882,Inmarsat 
901,20,n/a,International Networks,882,Intermatica 
901,3,n/a,International Networks,882,Iridium 
901,69,n/a,International Networks,882,Legos 
901,66,n/a,International Networks,882,Limitless 
901,52,n/a,International Networks,882,Manx Telecom 
901,19,n/a,International Networks,882,Maritime Roaming Service 
901,12,n/a,International Networks,882,MCP 
901,59,n/a,International Networks,882,MessageBird 
901,27,n/a,International Networks,882,Monaco Telecom 
901,84,n/a,International Networks,882,Movistar 
901,38,n/a,International Networks,882,MTT 
901,39,n/a,International Networks,882,MTX Connect 
901,17,n/a,International Networks,882,Navitas Telecom 
901,79,n/a,International Networks,882,Nokia 
901,85,n/a,International Networks,882,O2 
901,15,n/a,International Networks,882,OnAir 
901,41,n/a,International Networks,882,One Network 
901,47,n/a,International Networks,882,Ooredoo 
901,31,n/a,International Networks,882,Orange 
901,65,n/a,International Networks,882,Plintron 
901,75,n/a,International Networks,882,Pod 
901,57,n/a,International Networks,882,SAP 
901,33,n/a,International Networks,882,SMART 
901,78,n/a,International Networks,882,Sparkle 
901,64,n/a,International Networks,882,Syniverse 
901,72,n/a,International Networks,882,Tele2 
901,29,n/a,International Networks,882,Telenor Connexion 
901,5,n/a,International Networks,882,Thuraya RMSS 
901,37,n/a,International Networks,882,Transatel 
901,62,n/a,International Networks,882,Twilio 
901,34,n/a,International Networks,882,tyntec 
901,51,n/a,International Networks,882,VisionNG 
901,21,n/a,International Networks,882,Wins 
432,11,ir,Iran,98,MCI 
432,19,ir,Iran,98,MTCE 
432,35,ir,Iran,98,MTN IranCell 
432,20,ir,Iran,98,RighTel 
432,1,ir,Iran,98,SamanTel 
432,8,ir,Iran,98,Shatel Mobile 
432,32,ir,Iran,98,Taliya 
432,14,ir,Iran,98,Telekish 
418,5,iq,Iraq,964,Asia Cell 
418,40,iq,Iraq,964,Korek 
418,45,iq,Iraq,964,Mobitel 
418,20,iq,Iraq,964,Zain 
418,30,iq,Iraq,964,Zain 
272,2,ie,Ireland,353,3
272,5,ie,Ireland,353,3
272,17,ie,Ireland,353,3
272,16,ie,Ireland,353,Carphone Mobile 
272,13,ie,Ireland,353,Lycamobile 
272,7,ie,Ireland,353,Meteor 
272,8,ie,Ireland,353,Meteor 
272,3,ie,Ireland,353,Meteor 
272,11,ie,Ireland,353,Tesco Mobile 
272,15,ie,Ireland,353,Virgin Media 
272,1,ie,Ireland,353,Vodafone 
425,19,il,Israel,972,019 Mobile 
425,23,il,Israel,972,Beezz 
425,2,il,Israel,972,Cellcom 
425,8,il,Israel,972,Golan Telecom 
425,15,il,Israel,972,Home Cellular 
425,7,il,Israel,972,Hot Mobile 
425,77,il,Israel,972,Hot Mobile 
425,13,il,Israel,972,Ituran 
425,22,il,Israel,972,Maskyoo 
425,1,il,Israel,972,Orange 
425,3,il,Israel,972,Pelephone 
425,12,il,Israel,972,Pelephone 
425,16,il,Israel,972,Rami Levy Communications 
425,17,il,Israel,972,Von waves 
425,9,il,Israel,972,We4G 
425,14,il,Israel,972,YouPhone 
222,40,it,Italy,39,Agile Telecom 
222,34,it,Italy,39,BT mobile 
222,53,it,Italy,39,CoopVoce 
222,36,it,Italy,39,Digi 
222,42,it,Italy,39,Enel 
222,8,it,Italy,39,Fastweb 
222,99,it,Italy,39,WindTre / Hi3G 
222,50,it,Italy,39,Iliad 
222,39,it,Italy,39,SMS.it / LINK Mobility 
222,35,it,Italy,39,Lycamobile 
222,7,it,Italy,39,Noverca Italia 
222,54,it,Italy,39,Plintron 
222,33,it,Italy,39,Poste Mobile 
222,999,it,Italy,39,Premium Numbers 
222,58,it,Italy,39,rdcom 
222,30,it,Italy,39,RFI 
222,56,it,Italy,39,spusu 
222,48,it,Italy,39,Telecom Italia Mobile 
222,43,it,Italy,39,Telecom Italia Mobile 
222,1,it,Italy,39,TIM 
222,44,it,Italy,39,Mundio 
222,51,it,Italy,39,ho. 
222,49,it,Italy,39,Vianova Mobile 
222,10,it,Italy,39,Vodafone 
222,6,it,Italy,39,Vodafone 
222,88,it,Italy,39,WindTre / WIND 
222,37,it,Italy,39,WindTre / Hi3G 
612,2,ci,Ivory Coast,225,Moov 
612,5,ci,Ivory Coast,225,MTN 
612,3,ci,Ivory Coast,225,Orange 
338,50,jm,Jamaica,1876,Digicel 
338,180,jm,Jamaica,1876,Flow 
338,110,jm,Jamaica,1876,Flow 
440,52,jp,Japan,81,KDDI 
440,73,jp,Japan,81,KDDI 
440,53,jp,Japan,81,KDDI 
440,74,jp,Japan,81,KDDI 
440,54,jp,Japan,81,KDDI 
440,70,jp,Japan,81,KDDI 
440,75,jp,Japan,81,KDDI 
440,50,jp,Japan,81,KDDI 
440,71,jp,Japan,81,KDDI 
440,76,jp,Japan,81,KDDI 
440,51,jp,Japan,81,KDDI 
440,72,jp,Japan,81,KDDI 
440,10,jp,Japan,81,NTT DoCoMo 
440,78,jp,Japan,81,Okinawa Cellular 
440,11,jp,Japan,81,Rakuten Mobile 
440,5,jp,Japan,81,SoftBank 
440,0,jp,Japan,81,SoftBank 
440,1,jp,Japan,81,SoftBank 
440,20,jp,Japan,81,SoftBank 
440,21,jp,Japan,81,SoftBank 
416,77,jo,Jordan,962,Orange 
416,3,jo,Jordan,962,Umniah 
416,1,jo,Jordan,962,Zain 
401,7,kz,Kazakhstan,7,Altel 
401,1,kz,Kazakhstan,7,Beeline 
401,8,kz,Kazakhstan,7,Kazakhstan Online 
401,2,kz,Kazakhstan,7,Kcell 
401,77,kz,Kazakhstan,7,Tele2 
639,5,ke,Kenya,254,Airtel 
639,3,ke,Kenya,254,Airtel 
639,6,ke,Kenya,254,Finserve Africa 
639,9,ke,Kenya,254,Homeland Media 
639,12,ke,Kenya,254,Infura 
639,11,ke,Kenya,254,Jambo Telcoms 
639,10,ke,Kenya,254,Jamii Telecommunications 
639,4,ke,Kenya,254,Mobile Pay 
639,2,ke,Kenya,254,Safaricom 
639,1,ke,Kenya,254,Safaricom 
639,7,ke,Kenya,254,Telkom 
545,1,ki,Kiribati,686,FrigateNet 
545,9,ki,Kiribati,686,FrigateNet 
221,7,xk,Kosovo,383,D3 mobile 
221,2,xk,Kosovo,383,IPKO 
221,1,xk,Kosovo,383,Vala 
419,3,kw,Kuwait,965,Ooredoo 
419,4,kw,Kuwait,965,Viva 
419,2,kw,Kuwait,965,Zain 
437,1,kg,Kyrgyzstan,996,Beeline 
437,6,kg,Kyrgyzstan,996,KT Mobile 
437,5,kg,Kyrgyzstan,996,MegaCom 
437,9,kg,Kyrgyzstan,996,O! 
437,10,kg,Kyrgyzstan,996,Saima 
437,3,kg,Kyrgyzstan,996,Fonex 
457,8,la,Laos,856,Beeline 
457,2,la,Laos,856,ETL Mobile 
457,1,la,Laos,856,LTC 
457,3,la,Laos,856,Unitel 
247,5,lv,Latvia,371,Bite 
247,10,lv,Latvia,371,LMT 
247,1,lv,Latvia,371,LMT 
247,2,lv,Latvia,371,Tele2 
247,4,lv,Latvia,371,Tet 
247,3,lv,Latvia,371,TRIATEL 
247,8,lv,Latvia,371,VENTA Mobile 
247,9,lv,Latvia,371,XOmobile 
415,1,lb,Lebanon,961,Alfa 
415,3,lb,Lebanon,961,Touch 
651,2,ls,Lesotho,266,Econet 
651,1,ls,Lesotho,266,Vodacom 
618,1,lr,Liberia,231,MTN / Lonestar 
618,4,lr,Liberia,231,Novafone 
618,7,lr,Liberia,231,Orange 
606,1,ly,Libya,218,Al-Madar 
606,0,ly,Libya,218,Libyana 
606,3,ly,Libya,218,LibyaPhone Mobile 
295,2,li,Liechtenstein,423,7acht 
295,6,li,Liechtenstein,423,CUBIC 
295,9,li,Liechtenstein,423,EMnify 
295,1,li,Liechtenstein,423,FL GSM 
295,5,li,Liechtenstein,423,FL1 
246,2,lt,Lithuania,370,Bite 
246,5,lt,Lithuania,370,LTG 
246,6,lt,Lithuania,370,Mediafon 
246,3,lt,Lithuania,370,Tele2 
246,1,lt,Lithuania,370,Telia 
270,10,lu,Luxembourg,352,Blue Communications 
270,81,lu,Luxembourg,352,e-LUX Mobile 
270,5,lu,Luxembourg,352,Luxembourg Online 
270,99,lu,Luxembourg,352,Orange 
270,1,lu,Luxembourg,352,Post 
270,77,lu,Luxembourg,352,Tango 
455,3,mo,Macao,853,3
455,5,mo,Macao,853,3
455,2,mo,Macao,853,China Telecom 
455,7,mo,Macao,853,China Telecom 
455,4,mo,Macao,853,CTM 
455,1,mo,Macao,853,CTM 
455,6,mo,Macao,853,SmarTone 
455,0,mo,Macao,853,SmarTone 
646,1,mg,Madagascar,261,Airtel 
646,2,mg,Madagascar,261,Orange 
646,4,mg,Madagascar,261,Telma 
650,10,mw,Malawi,265,Airtel 
650,1,mw,Malawi,265,TNM 
502,156,my,Malaysia,60,Altel Communications 
502,11,my,Malaysia,60,Telekom Malaysia 
502,14,my,Malaysia,60,Telekom Malaysia 
502,19,my,Malaysia,60,Celcom 
502,13,my,Malaysia,60,Celcom 
502,10,my,Malaysia,60,DiGi 
502,16,my,Malaysia,60,DiGi 
502,17,my,Malaysia,60,Maxis 
502,12,my,Malaysia,60,Maxis 
502,150,my,Malaysia,60,Tune Talk 
502,18,my,Malaysia,60,U Mobile 
502,153,my,Malaysia,60,Webe Digital 
502,195,my,Malaysia,60,XOX Com 
502,152,my,Malaysia,60,Yes 
472,1,mv,Maldives,960,DhiMobile 
472,2,mv,Maldives,960,Ooredoo 
610,1,ml,Mali,223,Malitel 
610,2,ml,Mali,223,Orange 
610,3,ml,Mali,223,Telecel 
278,1,mt,Malta,356,Epic 
278,30,mt,Malta,356,GO Mobile 
278,21,mt,Malta,356,GO Mobile 
278,77,mt,Malta,356,Melita 
609,2,mr,Mauritania,222,Chinguitel 
609,1,mr,Mauritania,222,Mattel 
609,10,mr,Mauritania,222,Mauritel 
617,3,mu,Mauritius,230,Chili 
617,2,mu,Mauritius,230,Chili 
617,10,mu,Mauritius,230,Emtel 
617,1,mu,Mauritius,230,my.t mobile 
647,1,yt,Mayotte,262,Maore Mobile 
647,10,yt,Mayotte,262,SFR 
334,140,mx,Mexico,52,ALTAN Redes 
334,50,mx,Mexico,52,AT&T / IUSACell 
334,50,mx,Mexico,52,AT&T / IUSACell 
334,3,mx,Mexico,52,Movistar 
334,30,mx,Mexico,52,Movistar 
334,90,mx,Mexico,52,Nextel 
334,10,mx,Mexico,52,Nextel 
334,1,mx,Mexico,52,Nextel 
334,60,mx,Mexico,52,SAI PCS 
334,20,mx,Mexico,52,Telcel 
334,2,mx,Mexico,52,Telcel 
334,80,mx,Mexico,52,Unefon 
334,70,mx,Mexico,52,Unefon 
550,1,fm,Micronesia,691,FSMTCeLL 
259,2,md,Moldova,373,Moldcell 
259,1,md,Moldova,373,Orange 
259,3,md,Moldova,373,Unite 
259,5,md,Moldova,373,Unite 
259,99,md,Moldova,373,Unite 
212,10,mc,Monaco,377,Monaco Telecom 
212,1,mc,Monaco,377,Monaco Telecom 
428,98,mn,Mongolia,976,G-Mobile 
428,99,mn,Mongolia,976,Mobicom 
428,0,mn,Mongolia,976,Skytel 
428,88,mn,Mongolia,976,Unitel 
297,3,me,Montenegro,382,Mtel 
297,2,me,Montenegro,382,Telekom / T-mobile 
297,1,me,Montenegro,382,Telenor 
354,860,ms,Montserrat,1664,Flow 
604,1,ma,Morocco,212,IAM 
604,2,ma,Morocco,212,inwi 
604,5,ma,Morocco,212,inwi 
604,0,ma,Morocco,212,Orange 
643,3,mz,Mozambique,258,Movitel 
643,1,mz,Mozambique,258,TMCEL 
643,4,mz,Mozambique,258,Vodacom 
414,3,mm,Myanmar,95,MecTel 
414,0,mm,Myanmar,95,MPT 
414,1,mm,Myanmar,95,MPT 
414,9,mm,Myanmar,95,Mytel 
414,5,mm,Myanmar,95,Ooredoo 
414,6,mm,Myanmar,95,Telenor 
649,1,na,Namibia,264,MTC 
649,3,na,Namibia,264,TN Mobile 
536,2,nr,Nauru,674,Digicel 
429,3,np,Nepal,977,Hello Nepal 
429,2,np,Nepal,977,Ncell 
429,1,np,Nepal,977,Nepal Telecom 
429,4,np,Nepal,977,Smart 
429,0,np,Nepal,977,UTL 
204,30,nl,Netherlands,31,ASPIDER Solutions 
204,5,nl,Netherlands,31,ElephantTalk 
204,0,nl,Netherlands,31,Intovoice 
204,23,nl,Netherlands,31,KORE 
204,12,nl,Netherlands,31,KPN 
204,8,nl,Netherlands,31,KPN 
204,10,nl,Netherlands,31,KPN 
204,69,nl,Netherlands,31,KPN 
204,27,nl,Netherlands,31,L-mobi 
204,28,nl,Netherlands,31,Lancelot 
204,98,nl,Netherlands,31,Lancelot 
204,9,nl,Netherlands,31,Lycamobile 
204,63,nl,Netherlands,31,MessageBird 
204,7,nl,Netherlands,31,Move / Teleena 
204,24,nl,Netherlands,31,Private Mobility 
204,21,nl,Netherlands,31,ProRail 
204,26,nl,Netherlands,31,SpeakUp 
204,2,nl,Netherlands,31,T-Mobile 
204,20,nl,Netherlands,31,T-Mobile 
204,16,nl,Netherlands,31,T-Mobile 
204,29,nl,Netherlands,31,Tismi 
204,33,nl,Netherlands,31,Truphone 
204,6,nl,Netherlands,31,Vectone Mobile 
204,4,nl,Netherlands,31,Vodafone 
204,3,nl,Netherlands,31,Voiceworks Mobile 
204,15,nl,Netherlands,31,Ziggo 
204,18,nl,Netherlands,31,Ziggo Services 
362,91,an,Netherlands Antilles,599,Chippie 
362,69,an,Netherlands Antilles,599,Digicel 
362,51,an,Netherlands Antilles,599,TelCell 
546,1,nc,New Caledonia,687,Mobilis 
530,24,nz,New Zealand,64,2degrees 
530,6,nz,New Zealand,64,Skinny Mobile 
530,2,nz,New Zealand,64,Spark Mobile 
530,5,nz,New Zealand,64,Spark Mobile 
530,1,nz,New Zealand,64,Vodafone 
710,73,ni,Nicaragua,505,Claro 
710,21,ni,Nicaragua,505,Claro 
710,68,ni,Nicaragua,505,CooTel 
710,30,ni,Nicaragua,505,Movistar 
614,2,ne,Niger,227,Airtel 
614,3,ne,Niger,227,Moov 
614,1,ne,Niger,227,Niger Telecoms 
614,4,ne,Niger,227,Orange 
621,60,ng,Nigeria,234,9mobile 
621,20,ng,Nigeria,234,Airtel 
621,50,ng,Nigeria,234,Glo Mobile 
621,30,ng,Nigeria,234,MTN 
621,40,ng,Nigeria,234,ntel 
621,27,ng,Nigeria,234,Smile 
555,1,nu,Niue,683,Telecom Niue 
467,192,kp,North Korea,850,Koryolink 
294,2,mk,North Macedonia,389,A1 
294,3,mk,North Macedonia,389,A1 
294,4,mk,North Macedonia,389,Lycamobile 
294,11,mk,North Macedonia,389,Mobik 
294,1,mk,North Macedonia,389,Telekom 
242,22,no,Norway,47,Altibox Mobil 
242,21,no,Norway,47,BANE NOR 
242,20,no,Norway,47,BANE NOR 
242,9,no,Norway,47,Com4 
242,15,no,Norway,47,eRate 
242,14,no,Norway,47,ICE 
242,16,no,Norway,47,Iristel 
242,23,no,Norway,47,Lycamobile 
242,5,no,Norway,47,Network Norway 
242,10,no,Norway,47,Nkom 
242,6,no,Norway,47,ICE 
242,12,no,Norway,47,Telenor 
242,1,no,Norway,47,Telenor 
242,2,no,Norway,47,Telia / NetCom 
242,8,no,Norway,47,Telia / NetCom 
422,2,om,Oman,968,Omantel Mobile 
422,3,om,Oman,968,Ooredoo / Nawras 
410,7,pk,Pakistan,92,Jazz 
410,1,pk,Pakistan,92,Jazz 
410,5,pk,Pakistan,92,SCO Mobile 
410,6,pk,Pakistan,92,Telenor 
410,3,pk,Pakistan,92,Ufone 
410,4,pk,Pakistan,92,Zong 
552,99,pw,Palau,680,Palau Mobile 
552,1,pw,Palau,680,PalauCel 
552,2,pw,Palau,680,PT Waves 
425,5,ps,Palestinian Territory,970,Jawwal 
425,6,ps,Palestinian Territory,970,Ooredoo 
714,1,pa,Panama,507,+Movil 
714,3,pa,Panama,507,Claro 
714,4,pa,Panama,507,Digicel 
714,2,pa,Panama,507,Movistar 
714,20,pa,Panama,507,Movistar 
537,1,pg,Papua New Guinea,675,BeMobile Vodafone 
537,2,pg,Papua New Guinea,675,Citifon 
537,3,pg,Papua New Guinea,675,Digicel 
744,2,py,Paraguay,595,Claro 
744,5,py,Paraguay,595,Personal 
744,3,py,Paraguay,595,Personal 
744,4,py,Paraguay,595,Tigo 
744,1,py,Paraguay,595,VOX 
716,10,pe,Peru,51,Claro 
716,70,pe,Peru,51,Claro 
716,20,pe,Peru,51,Claro 
716,17,pe,Peru,51,Entel 
716,6,pe,Peru,51,Movistar 
716,7,pe,Peru,51,Entel 
716,30,pe,Peru,51,Tuyo 
716,15,pe,Peru,51,Viettel 
515,66,ph,Philippines,63,DITO 
515,2,ph,Philippines,63,Globe 
515,1,ph,Philippines,63,Globe 
515,3,ph,Philippines,63,Smart 
515,5,ph,Philippines,63,Sun Cellular 
260,4,pl,Poland,48,Aero2 
260,17,pl,Poland,48,Aero2 
260,16,pl,Poland,48,Aero2 
260,15,pl,Poland,48,Aero2 
260,48,pl,Poland,48,Agile Telecom 
260,18,pl,Poland,48,AMD Telecom 
260,32,pl,Poland,48,Compatel 
260,12,pl,Poland,48,Cyfrowy Polsat 
260,41,pl,Poland,48,EZ Mobile 
260,9,pl,Poland,48,Lycamobile 
260,49,pl,Poland,48,Messagebird 
260,42,pl,Poland,48,MobiWeb 
260,13,pl,Poland,48,Move 
260,19,pl,Poland,48,NetBalt 
260,7,pl,Poland,48,Netia 
260,27,pl,Poland,48,Ntel Solutions 
260,5,pl,Poland,48,Orange 
260,3,pl,Poland,48,Orange 
260,35,pl,Poland,48,PKP 
260,98,pl,Poland,48,Play 
260,6,pl,Poland,48,Play 
260,11,pl,Poland,48,Plus 
260,1,pl,Poland,48,Plus 
260,97,pl,Poland,48,Politechnika Lodzka Uczelniane 
260,90,pl,Poland,48,Polska Spolka Gazownictwa 
260,14,pl,Poland,48,Move 
260,47,pl,Poland,48,SMSHIGHWAY 
260,34,pl,Poland,48,T-Mobile 
260,2,pl,Poland,48,T-Mobile 
260,10,pl,Poland,48,T-Mobile 
260,14,pl,Poland,48,Telco Leaders 
260,20,pl,Poland,48,Tismi 
260,22,pl,Poland,48,Twilio 
260,45,pl,Poland,48,Virgin Mobile 
260,45,pl,Poland,48,Virgin Mobile 
260,39,pl,Poland,48,Voxbone / Bandwidth 
268,4,pt,Portugal,351,Lycamobile 
268,8,pt,Portugal,351,MEO 
268,6,pt,Portugal,351,MEO 
268,80,pt,Portugal,351,MEO 
268,3,pt,Portugal,351,NOS 
268,93,pt,Portugal,351,NOS 
268,91,pt,Portugal,351,Vodafone 
268,1,pt,Portugal,351,Vodafone 
330,30,pr,Puerto Rico,,AT&T Mobility 
330,11,pr,Puerto Rico,,Claro 
330,110,pr,Puerto Rico,,Claro 
330,490,pr,Puerto Rico,,T-Mobile 
427,6,qa,Qatar,974,Ooredoo 
427,1,qa,Qatar,974,Ooredoo 
427,2,qa,Qatar,974,Vodafone 
647,3,re,Reunion,262,Only 
647,2,re,Reunion,262,Only 
647,0,re,Reunion,262,Orange 
647,4,re,Reunion,262,ZEOP Mobile 
226,5,ro,Romania,40,Digi Mobil 
226,16,ro,Romania,40,Lycamobile 
226,10,ro,Romania,40,Orange 
226,2,ro,Romania,40,Telekom 
226,3,ro,Romania,40,Telekom 
226,1,ro,Romania,40,Vodafone 
250,99,ru,Russia,79,Beeline 
250,48,ru,Russia,79,Global Telecom 
250,55,ru,Russia,79,Glonass 
250,34,ru,Russia,79,Krymtelecom 
250,54,ru,Russia,79,Letai Mobile 
250,57,ru,Russia,79,Matrix Mobile 
250,2,ru,Russia,79,Megafon 
250,35,ru,Russia,79,Motiv 
250,1,ru,Russia,79,MTS 
250,42,ru,Russia,79,MTT 
250,33,ru,Russia,79,SEVTELECOM 
250,9,ru,Russia,79,Skylink 
250,20,ru,Russia,79,Tele2 
250,12,ru,Russia,79,Tele2 
250,77,ru,Russia,79,Glonass 
250,60,ru,Russia,79,Volna Mobile 
250,32,ru,Russia,79,Win Mobile 
250,11,ru,Russia,79,Yota 
635,13,rw,Rwanda,250,Airtel 
635,10,rw,Rwanda,250,MTN 
356,70,kn,Saint Kitts and Nevis,1869,Chippie 
356,70,kn,Saint Kitts and Nevis,1869,Chippie 
356,50,kn,Saint Kitts and Nevis,1869,Digicel 
356,50,kn,Saint Kitts and Nevis,1869,Digicel 
356,110,kn,Saint Kitts and Nevis,1869,Flow 
356,11,kn,Saint Kitts and Nevis,1869,Flow 
358,5,lc,Saint Lucia,1758,Digicel 
358,50,lc,Saint Lucia,1758,Digicel 
358,110,lc,Saint Lucia,1758,Flow 
358,11,lc,Saint Lucia,1758,Flow 
308,1,pm,Saint Pierre and Miquelon,508,Ameris 
308,3,pm,Saint Pierre and Miquelon,508,Ameris 
308,2,pm,Saint Pierre and Miquelon,508,Globaltel 
360,50,vc,Saint Vincent and the Grenadines,1784,Digicel 
360,70,vc,Saint Vincent and the Grenadines,1784,Digicel 
360,110,vc,Saint Vincent and the Grenadines,1784,Flow 
549,27,ws,Samoa,685,BlueSky 
549,1,ws,Samoa,685,Digicel 
292,1,sm,San Marino,378,Prima 
626,1,st,Sao Tome and Principe,239,CSTmovel 
626,2,st,Sao Tome and Principe,239,Unitel 
420,6,sa,Saudi Arabia,966,Lebara Mobile 
420,3,sa,Saudi Arabia,966,Mobily 
420,1,sa,Saudi Arabia,966,STC / Al Jawal 
420,5,sa,Saudi Arabia,966,Virgin Mobile 
420,4,sa,Saudi Arabia,966,Zain 
608,3,sn,Senegal,221,Expresso 
608,2,sn,Senegal,221,Free 
608,4,sn,Senegal,221,HAYO 
608,1,sn,Senegal,221,Orange 
220,11,rs,Serbia,381,Globaltel 
220,3,rs,Serbia,381,MTS 
220,1,rs,Serbia,381,Telenor 
220,20,rs,Serbia,381,VIP 
220,5,rs,Serbia,381,VIP 
633,10,sc,Seychelles,248,Airtel 
633,1,sc,Seychelles,248,Cable & Wireless 
633,5,sc,Seychelles,248,Intelvision 
619,3,sl,Sierra Leone,232,Africell 
619,5,sl,Sierra Leone,232,Africell 
619,4,sl,Sierra Leone,232,Comium 
619,25,sl,Sierra Leone,232,Mobitel 
619,1,sl,Sierra Leone,232,Orange 
619,7,sl,Sierra Leone,232,Qcell 
525,9,sg,Singapore,65,Circles.Life 
525,12,sg,Singapore,65,GRID 
525,3,sg,Singapore,65,M1 
525,11,sg,Singapore,65,M1 
525,2,sg,Singapore,65,SingTel 
525,1,sg,Singapore,65,SingTel 
525,7,sg,Singapore,65,SingTel 
525,5,sg,Singapore,65,Starhub 
525,6,sg,Singapore,65,Starhub 
525,8,sg,Singapore,65,Starhub 
525,10,sg,Singapore,65,TPG Telecom 
231,6,sk,Slovakia,421,O2 
231,7,sk,Slovakia,421,Orange 
231,1,sk,Slovakia,421,Orange 
231,5,sk,Slovakia,421,Orange 
231,3,sk,Slovakia,421,Swan / 4ka 
231,4,sk,Slovakia,421,Telekom 
231,50,sk,Slovakia,421,Telekom 
231,2,sk,Slovakia,421,Telekom 
231,8,sk,Slovakia,421,Uniphone 
231,99,sk,Slovakia,421,ZSR 
293,40,si,Slovenia,386,A1 / Si.mobil 
293,20,si,Slovenia,386,Compatel 
293,86,si,Slovenia,386,Elektro Gorenjska 
293,41,si,Slovenia,386,Mobitel 
293,10,si,Slovenia,386,Slovenske zeleznice 
293,64,si,Slovenia,386,T-2 
293,70,si,Slovenia,386,Telemach / Tusmobil 
540,2,sb,Solomon Islands,677,bemobile 
540,1,sb,Solomon Islands,677,Breeze 
637,30,so,Somalia,252,Golis 
637,19,so,Somalia,252,Hormuud 
637,10,so,Somalia,252,Nationlink 
637,70,so,Somalia,252,Onkod 
637,4,so,Somalia,252,Somafone 
637,71,so,Somalia,252,Somtel 
637,82,so,Somalia,252,Telcom Mobile 
637,1,so,Somalia,252,Telesom 
655,7,za,South Africa,27,Cell C 
655,12,za,South Africa,27,MTN 
655,10,za,South Africa,27,MTN 
655,38,za,South Africa,27,Rain 
655,73,za,South Africa,27,Rain 
655,19,za,South Africa,27,Rain 
655,74,za,South Africa,27,Rain 
655,5,za,South Africa,27,Telkom 
655,2,za,South Africa,27,Telkom 
655,1,za,South Africa,27,Vodacom 
450,7,kr,South Korea,82,KT Powertel 
450,6,kr,South Korea,82,LG U+ 
450,4,kr,South Korea,82,olleh / KT 
450,8,kr,South Korea,82,olleh / KT 
450,2,kr,South Korea,82,olleh / KT 
450,11,kr,South Korea,82,SK Telecom 
450,12,kr,South Korea,82,SK Telecom 
450,5,kr,South Korea,82,SK Telecom 
659,2,ss,South Sudan,,MTN 
659,6,ss,South Sudan,,Zain 
214,36,es,Spain,34,Alai 
214,2,es,Spain,34,Alta Tecnologia en Comunicacions 
214,14,es,Spain,34,Avatel Movil 
214,22,es,Spain,34,Digi.Mobil 
214,8,es,Spain,34,Euskaltel Movil 
214,34,es,Spain,34,ION MOBILE 
214,25,es,Spain,34,Lycamobile 
214,17,es,Spain,34,mobil R 
214,38,es,Spain,34,Movistar 
214,7,es,Spain,34,Movistar 
214,5,es,Spain,34,Movistar 
214,21,es,Spain,34,Orange 
214,9,es,Spain,34,Orange 
214,3,es,Spain,34,Orange 
214,19,es,Spain,34,Simyo 
214,35,es,Spain,34,SUMA movil 
214,16,es,Spain,34,mobil R 
214,27,es,Spain,34,Truphone 
214,12,es,Spain,34,Venus Movil 
214,37,es,Spain,34,Vodafone 
214,6,es,Spain,34,Vodafone 
214,1,es,Spain,34,Vodafone 
214,33,es,Spain,34,Yoigo 
214,29,es,Spain,34,Yoigo 
214,23,es,Spain,34,Yoigo 
214,4,es,Spain,34,Yoigo 
214,10,es,Spain,34,Zinnia 
413,5,lk,Sri Lanka,94,Airtel 
413,2,lk,Sri Lanka,94,Dialog 
413,8,lk,Sri Lanka,94,Hutch 
413,1,lk,Sri Lanka,94,Mobitel 
634,3,sd,Sudan,249,MTN 
634,2,sd,Sudan,249,MTN 
634,7,sd,Sudan,249,Sudani One 
634,1,sd,Sudan,249,Zain 
634,6,sd,Sudan,249,Zain 
746,3,sr,Suriname,597,Digicel 
746,2,sr,Suriname,597,Telesur 
653,2,sz,Swaziland,268,Eswatini Mobile 
653,1,sz,Swaziland,268,Eswatini Telecom 
653,10,sz,Swaziland,268,Swazi MTN 
240,16,se,Sweden,46,
240,35,se,Sweden,46,42 Telecom 
240,13,se,Sweden,46,A3 
240,11,se,Sweden,46,Com Hem 
240,9,se,Sweden,46,Com4 
240,32,se,Sweden,46,Compatel 
240,22,se,Sweden,46,EUtel 
240,63,se,Sweden,46,Fink Telecom 
240,18,se,Sweden,46,Messit / Minicall 
240,27,se,Sweden,46,Globetouch 
240,17,se,Sweden,46,Gotanet 
240,2,se,Sweden,46,3
240,23,se,Sweden,46,Infobip 
240,36,se,Sweden,46,interactive digital media / IDM 
240,28,se,Sweden,46,LINK Mobility 
240,12,se,Sweden,46,Lycamobile 
240,29,se,Sweden,46,MI Carrier Services 
240,33,se,Sweden,46,Mobile Arts 
240,43,se,Sweden,46,MobiWeb 
240,25,se,Sweden,46,Monty Mobile 
240,40,se,Sweden,46,Netmore 
240,39,se,Sweden,46,Primlight 
240,31,se,Sweden,46,Rebtel 
240,20,se,Sweden,46,Sierra Wireless 
240,15,se,Sweden,46,
240,37,se,Sweden,46,Sinch 
240,45,se,Sweden,46,Spirius 
240,14,se,Sweden,46,Tele2 
240,5,se,Sweden,46,Tele2 
240,7,se,Sweden,46,Tele2 
240,44,se,Sweden,46,Telenabler 
240,42,se,Sweden,46,Telenor Connexion 
240,4,se,Sweden,46,Telenor 
240,8,se,Sweden,46,Telenor 
240,1,se,Sweden,46,Telia 
240,3,se,Sweden,46,Net 1 
240,48,se,Sweden,46,Tismi 
240,21,se,Sweden,46,Trafikverket 
240,26,se,Sweden,46,Twilio 
240,19,se,Sweden,46,Vectone Mobile 
240,46,se,Sweden,46,Viahub 
240,47,se,Sweden,46,Viatel 
240,38,se,Sweden,46,Voxbone / Bandwidth 
228,58,ch,Switzerland,41,Beeone 
228,5,ch,Switzerland,41,Comfone 
228,9,ch,Switzerland,41,Comfone 
228,66,ch,Switzerland,41,Inovia 
228,54,ch,Switzerland,41,Lycamobile 
228,69,ch,Switzerland,41,MTEL 
228,65,ch,Switzerland,41,Nexphone 
228,51,ch,Switzerland,41,relario 
228,3,ch,Switzerland,41,Salt Mobile 
228,6,ch,Switzerland,41,SBB 
228,2,ch,Switzerland,41,Sunrise 
228,7,ch,Switzerland,41,Sunrise 
228,8,ch,Switzerland,41,Sunrise 
228,12,ch,Switzerland,41,Sunrise 
228,60,ch,Switzerland,41,Sunrise 
228,1,ch,Switzerland,41,Swisscom 
228,62,ch,Switzerland,41,Telecom26 
228,70,ch,Switzerland,41,Tismi 
228,53,ch,Switzerland,41,UPC 
228,59,ch,Switzerland,41,Vectone Mobile 
417,2,sy,Syria,963,MTN 
417,1,sy,Syria,963,Syriatel 
466,5,tw,Taiwan,886,APT 
466,12,tw,Taiwan,886,APT 
466,92,tw,Taiwan,886,Chunghwa Telecom 
466,11,tw,Taiwan,886,Chunghwa Telecom 
466,88,tw,Taiwan,886,Far EasTone 
466,1,tw,Taiwan,886,Far EasTone 
466,3,tw,Taiwan,886,Far EasTone 
466,89,tw,Taiwan,886,T Star 
466,97,tw,Taiwan,886,Taiwan Mobile 
436,4,tj,Tajikistan,992,Babilon-Mobile 
436,3,tj,Tajikistan,992,Megafon 
436,15,tj,Tajikistan,992,O-Mobile 
436,1,tj,Tajikistan,992,Tcell 
436,2,tj,Tajikistan,992,Tcell 
436,5,tj,Tajikistan,992,Zet-Mobile 
640,5,tz,Tanzania,255,Airtel 
640,9,tz,Tanzania,255,Halotel / Viettel 
640,99,tz,Tanzania,255,Mkulima African Telecommunication 
640,14,tz,Tanzania,255,MO Mobile 
640,11,tz,Tanzania,255,Smile Communications 
640,7,tz,Tanzania,255,Tanzania Telecommunication Corporation 
640,2,tz,Tanzania,255,Tigo / MIC 
640,4,tz,Tanzania,255,Vodacom 
640,13,tz,Tanzania,255,WiAfrica 
640,3,tz,Tanzania,255,Zanzibar Telecom / Zantel 
520,1,th,Thailand,66,AIS 
520,3,th,Thailand,66,AIS 
520,18,th,Thailand,66,dtac 
520,5,th,Thailand,66,dtac TriNet 
520,0,th,Thailand,66,my 
520,47,th,Thailand,66,TOTmobile 
520,15,th,Thailand,66,TOTmobile 
520,4,th,Thailand,66,TrueMove H 
615,3,tg,Togo,228,Atlantique Telecom / Moov 
615,1,tg,Togo,228,Togo Cellulaire / TogoCel 
539,43,to,Tonga,676,Digicel 
539,88,to,Tonga,676,Digicel 
539,1,to,Tonga,676,U-Call 
374,12,tt,Trinidad and Tobago,1868,bmobile 
374,130,tt,Trinidad and Tobago,1868,Digicel 
605,6,tn,Tunisia,216,Lycamobile 
605,3,tn,Tunisia,216,Ooredoo 
605,1,tn,Tunisia,216,Orange 
605,2,tn,Tunisia,216,TT Mobile 
286,4,tr,Turkiye,90,Avea 
286,3,tr,Turkiye,90,Avea 
286,1,tr,Turkiye,90,Turkcell 
286,2,tr,Turkiye,90,Vodafone 
438,1,tm,Turkmenistan,993,MTS 
438,2,tm,Turkmenistan,993,TMCELL 
376,360,tc,Turks and Caicos Islands,,Digicel 
376,50,tc,Turks and Caicos Islands,,Digicel 
376,350,tc,Turks and Caicos Islands,,Flow 
553,1,tv,Tuvalu,,Tuvalu Telecom 
641,1,ug,Uganda,256,Airtel 
641,22,ug,Uganda,256,Airtel 
641,4,ug,Uganda,256,Lycamobile 
641,11,ug,Uganda,256,Mango 
641,10,ug,Uganda,256,MTN 
641,33,ug,Uganda,256,Smile 
255,7,ua,Ukraine,380,3Mob 
255,4,ua,Ukraine,380,IT 
255,2,ua,Ukraine,380,Kyivstar 
255,3,ua,Ukraine,380,Kyivstar 
255,6,ua,Ukraine,380,lifecell 
255,21,ua,Ukraine,380,PEOPLEnet 
255,99,ua,Ukraine,380,Phoenix 
255,1,ua,Ukraine,380,Vodafone 
424,3,ae,United Arab Emirates,971,DU 
424,2,ae,United Arab Emirates,971,Etisalat 
234,78,gb,United Kingdom,44,Airwave 
234,29,gb,United Kingdom,44,aql 
234,76,gb,United Kingdom,44,BT Group 
234,0,gb,United Kingdom,44,BT Group 
234,8,gb,United Kingdom,44,BT OnePhone 
234,18,gb,United Kingdom,44,Cloud9 
234,30,gb,United Kingdom,44,EE/Everything Everywhere 
234,32,gb,United Kingdom,44,EE/Everything Everywhere 
234,33,gb,United Kingdom,44,EE/Everything Everywhere 
234,31,gb,United Kingdom,44,EE/Everything Everywhere 
234,17,gb,United Kingdom,44,FlexTel 
234,4,gb,United Kingdom,44,FMS Solutions 
234,39,gb,United Kingdom,44,Gamma Mobile 
234,24,gb,United Kingdom,44,Greenfone 
234,72,gb,United Kingdom,44,Hanhaa Mobile 
234,71,gb,United Kingdom,44,Home Office 
234,94,gb,United Kingdom,44,3
234,20,gb,United Kingdom,44,3
234,23,gb,United Kingdom,44,Icron Network 
234,3,gb,United Kingdom,44,Jersey Airtel 
234,35,gb,United Kingdom,44,JSC Ingenicum 
234,50,gb,United Kingdom,44,JT Mobile 
234,14,gb,United Kingdom,44,LINK Mobility 
234,26,gb,United Kingdom,44,Lycamobile 
234,58,gb,United Kingdom,44,Manx Telecom Mobile 
234,28,gb,United Kingdom,44,Marathon Telecom 
234,75,gb,United Kingdom,44,Mass Response Service GmbH 
234,56,gb,United Kingdom,44,NCSC 
234,95,gb,United Kingdom,44,Network Rail 
234,12,gb,United Kingdom,44,Network Rail 
234,13,gb,United Kingdom,44,Network Rail 
234,51,gb,United Kingdom,44,now broadband 
234,34,gb,United Kingdom,44,Orange 
234,74,gb,United Kingdom,44,Pareteum 
234,57,gb,United Kingdom,44,Sky 
234,40,gb,United Kingdom,44,spusu 
234,55,gb,United Kingdom,44,Sure Guernsey 
234,36,gb,United Kingdom,44,Sure Isle of Man 
234,99,gb,United Kingdom,44,Sure Jersey 
234,37,gb,United Kingdom,44,Synectiv 
234,16,gb,United Kingdom,44,Talk Talk 
234,27,gb,United Kingdom,44,Tata Communications Ltd 
234,11,gb,United Kingdom,44,O2 
234,10,gb,United Kingdom,44,O2 
234,2,gb,United Kingdom,44,O2 
234,22,gb,United Kingdom,44,Telesign Mobile 
234,19,gb,United Kingdom,44,TeleWare 
234,9,gb,United Kingdom,44,Tismi 
234,25,gb,United Kingdom,44,Truphone 
234,1,gb,United Kingdom,44,Vectone Mobile 
234,38,gb,United Kingdom,44,Virgin Mobile 
234,91,gb,United Kingdom,44,Vodafone 
234,77,gb,United Kingdom,44,Vodafone 
234,89,gb,United Kingdom,44,Vodafone 
234,92,gb,United Kingdom,44,Vodafone 
234,15,gb,United Kingdom,44,Vodafone 
234,7,gb,United Kingdom,44,Vodafone 
312,750,us,United States of America,1,Appalachian Wireless 
310,130,us,United States of America,1,Appalachian Wireless 
310,750,us,United States of America,1,Appalachian Wireless 
312,130,us,United States of America,1,Appalachian Wireless 
310,760,us,United States of America,1,ASTAC Cellular 
312,760,us,United States of America,1,ASTAC Cellular 
312,710,us,United States of America,1,ASTAC Cellular 
310,710,us,United States of America,1,ASTAC Cellular 
312,90,us,United States of America,1,AT&T Mobility 
310,90,us,United States of America,1,AT&T Mobility 
313,680,us,United States of America,1,AT&T Mobility 
311,380,us,United States of America,1,AT&T Mobility 
313,80,us,United States of America,1,AT&T Mobility 
311,30,us,United States of America,1,AT&T Mobility 
310,16,us,United States of America,1,AT&T Mobility 
312,280,us,United States of America,1,AT&T Mobility 
310,210,us,United States of America,1,AT&T Mobility 
312,16,us,United States of America,1,AT&T Mobility 
313,210,us,United States of America,1,AT&T Mobility 
311,170,us,United States of America,1,AT&T Mobility 
312,950,us,United States of America,1,AT&T Mobility 
310,680,us,United States of America,1,AT&T Mobility 
312,150,us,United States of America,1,AT&T Mobility 
310,150,us,United States of America,1,AT&T Mobility 
313,950,us,United States of America,1,AT&T Mobility 
311,410,us,United States of America,1,AT&T Mobility 
313,90,us,United States of America,1,AT&T Mobility 
311,70,us,United States of America,1,AT&T Mobility 
312,380,us,United States of America,1,AT&T Mobility 
310,280,us,United States of America,1,AT&T Mobility 
312,30,us,United States of America,1,AT&T Mobility 
313,380,us,United States of America,1,AT&T Mobility 
311,180,us,United States of America,1,AT&T Mobility 
313,16,us,United States of America,1,AT&T Mobility 
310,950,us,United States of America,1,AT&T Mobility 
312,170,us,United States of America,1,AT&T Mobility 
310,170,us,United States of America,1,AT&T Mobility 
311,670,us,United States of America,1,AT&T Mobility 
313,150,us,United States of America,1,AT&T Mobility 
311,80,us,United States of America,1,AT&T Mobility 
312,410,us,United States of America,1,AT&T Mobility 
310,380,us,United States of America,1,AT&T Mobility 
312,70,us,United States of America,1,AT&T Mobility 
310,70,us,United States of America,1,AT&T Mobility 
313,410,us,United States of America,1,AT&T Mobility 
311,210,us,United States of America,1,AT&T Mobility 
313,30,us,United States of America,1,AT&T Mobility 
312,180,us,United States of America,1,AT&T Mobility 
310,180,us,United States of America,1,AT&T Mobility 
311,680,us,United States of America,1,AT&T Mobility 
313,170,us,United States of America,1,AT&T Mobility 
311,90,us,United States of America,1,AT&T Mobility 
312,670,us,United States of America,1,AT&T Mobility 
310,410,us,United States of America,1,AT&T Mobility 
312,80,us,United States of America,1,AT&T Mobility 
310,80,us,United States of America,1,AT&T Mobility 
313,670,us,United States of America,1,AT&T Mobility 
311,280,us,United States of America,1,AT&T Mobility 
313,70,us,United States of America,1,AT&T Mobility 
311,16,us,United States of America,1,AT&T Mobility 
312,210,us,United States of America,1,AT&T Mobility 
313,280,us,United States of America,1,AT&T Mobility 
311,950,us,United States of America,1,AT&T Mobility 
313,180,us,United States of America,1,AT&T Mobility 
311,150,us,United States of America,1,AT&T Mobility 
310,30,us,United States of America,1,AT&T Mobility 
312,680,us,United States of America,1,AT&T Mobility 
310,670,us,United States of America,1,AT&T Mobility 
310,600,us,United States of America,1,Cellcom 
310,630,us,United States of America,1,Choice Wireless 
310,700,us,United States of America,1,cv cellular 
310,880,us,United States of America,1,DTC Wireless 
310,35,us,United States of America,1,ETEX 
310,990,us,United States of America,1,Evolve 
310,430,us,United States of America,1,GCI Wireless 
311,430,us,United States of America,1,GCI Wireless 
311,370,us,United States of America,1,GCI Wireless 
311,690,us,United States of America,1,Limitless 
312,340,us,United States of America,1,Limitless 
310,340,us,United States of America,1,Limitless 
312,690,us,United States of America,1,Limitless 
310,690,us,United States of America,1,Limitless 
311,340,us,United States of America,1,Limitless 
310,540,us,United States of America,1,OWTC 
313,360,us,United States of America,1,Pioneer Cellular 
310,280,us,United States of America,1,Pioneer Cellular 
311,280,us,United States of America,1,Pioneer Cellular 
313,570,us,United States of America,1,Pioneer Cellular 
311,360,us,United States of America,1,Pioneer Cellular 
310,360,us,United States of America,1,Pioneer Cellular 
311,570,us,United States of America,1,Pioneer Cellular 
310,570,us,United States of America,1,Pioneer Cellular 
313,280,us,United States of America,1,Pioneer Cellular 
311,250,us,United States of America,1,T-Mobile 
316,10,us,United States of America,1,T-Mobile 
310,490,us,United States of America,1,T-Mobile 
312,490,us,United States of America,1,T-Mobile 
316,830,us,United States of America,1,T-Mobile 
310,120,us,United States of America,1,T-Mobile 
312,120,us,United States of America,1,T-Mobile 
316,230,us,United States of America,1,T-Mobile 
311,530,us,United States of America,1,T-Mobile 
311,190,us,United States of America,1,T-Mobile 
310,870,us,United States of America,1,T-Mobile 
312,870,us,United States of America,1,T-Mobile 
310,250,us,United States of America,1,T-Mobile 
312,240,us,United States of America,1,T-Mobile 
316,490,us,United States of America,1,T-Mobile 
311,880,us,United States of America,1,T-Mobile 
316,120,us,United States of America,1,T-Mobile 
311,260,us,United States of America,1,T-Mobile 
310,530,us,United States of America,1,T-Mobile 
312,530,us,United States of America,1,T-Mobile 
316,870,us,United States of America,1,T-Mobile 
310,10,us,United States of America,1,T-Mobile 
312,160,us,United States of America,1,T-Mobile 
316,240,us,United States of America,1,T-Mobile 
311,660,us,United States of America,1,T-Mobile 
311,200,us,United States of America,1,T-Mobile 
310,880,us,United States of America,1,T-Mobile 
312,880,us,United States of America,1,T-Mobile 
310,260,us,United States of America,1,T-Mobile 
312,250,us,United States of America,1,T-Mobile 
316,530,us,United States of America,1,T-Mobile 
311,882,us,United States of America,1,T-Mobile 
316,160,us,United States of America,1,T-Mobile 
311,270,us,United States of America,1,T-Mobile 
311,10,us,United States of America,1,T-Mobile 
310,660,us,United States of America,1,T-Mobile 
312,660,us,United States of America,1,T-Mobile 
316,880,us,United States of America,1,T-Mobile 
310,200,us,United States of America,1,T-Mobile 
312,190,us,United States of America,1,T-Mobile 
316,250,us,United States of America,1,T-Mobile 
311,800,us,United States of America,1,T-Mobile 
311,230,us,United States of America,1,T-Mobile 
310,882,us,United States of America,1,T-Mobile 
312,882,us,United States of America,1,T-Mobile 
310,270,us,United States of America,1,T-Mobile 
312,260,us,United States of America,1,T-Mobile 
316,660,us,United States of America,1,T-Mobile 
310,190,us,United States of America,1,T-Mobile 
311,940,us,United States of America,1,T-Mobile 
316,190,us,United States of America,1,T-Mobile 
311,311,us,United States of America,1,T-Mobile 
311,120,us,United States of America,1,T-Mobile 
310,800,us,United States of America,1,T-Mobile 
312,800,us,United States of America,1,T-Mobile 
316,882,us,United States of America,1,T-Mobile 
310,230,us,United States of America,1,T-Mobile 
312,200,us,United States of America,1,T-Mobile 
316,260,us,United States of America,1,T-Mobile 
311,830,us,United States of America,1,T-Mobile 
311,240,us,United States of America,1,T-Mobile 
310,940,us,United States of America,1,T-Mobile 
312,940,us,United States of America,1,T-Mobile 
310,310,us,United States of America,1,T-Mobile 
312,270,us,United States of America,1,T-Mobile 
316,800,us,United States of America,1,T-Mobile 
310,160,us,United States of America,1,T-Mobile 
312,10,us,United States of America,1,T-Mobile 
316,200,us,United States of America,1,T-Mobile 
311,490,us,United States of America,1,T-Mobile 
311,160,us,United States of America,1,T-Mobile 
310,830,us,United States of America,1,T-Mobile 
312,830,us,United States of America,1,T-Mobile 
316,940,us,United States of America,1,T-Mobile 
310,240,us,United States of America,1,T-Mobile 
312,230,us,United States of America,1,T-Mobile 
316,270,us,United States of America,1,T-Mobile 
311,870,us,United States of America,1,T-Mobile 
310,20,us,United States of America,1,Union Wireless 
310,280,us,United States of America,1,Verizon Wireless 
311,286,us,United States of America,1,Verizon Wireless 
312,480,us,United States of America,1,Verizon Wireless 
310,770,us,United States of America,1,Verizon Wireless 
311,894,us,United States of America,1,Verizon Wireless 
312,910,us,United States of America,1,Verizon Wireless 
310,271,us,United States of America,1,Verizon Wireless 
311,277,us,United States of America,1,Verizon Wireless 
312,283,us,United States of America,1,Verizon Wireless 
310,591,us,United States of America,1,Verizon Wireless 
311,597,us,United States of America,1,Verizon Wireless 
312,891,us,United States of America,1,Verizon Wireless 
311,13,us,United States of America,1,Verizon Wireless 
312,274,us,United States of America,1,Verizon Wireless 
310,482,us,United States of America,1,Verizon Wireless 
311,488,us,United States of America,1,Verizon Wireless 
312,594,us,United States of America,1,Verizon Wireless 
311,390,us,United States of America,1,Verizon Wireless 
312,485,us,United States of America,1,Verizon Wireless 
310,893,us,United States of America,1,Verizon Wireless 
311,899,us,United States of America,1,Verizon Wireless 
310,285,us,United States of America,1,Verizon Wireless 
310,276,us,United States of America,1,Verizon Wireless 
311,282,us,United States of America,1,Verizon Wireless 
312,288,us,United States of America,1,Verizon Wireless 
310,596,us,United States of America,1,Verizon Wireless 
311,890,us,United States of America,1,Verizon Wireless 
312,896,us,United States of America,1,Verizon Wireless 
310,12,us,United States of America,1,Verizon Wireless 
311,273,us,United States of America,1,Verizon Wireless 
312,279,us,United States of America,1,Verizon Wireless 
310,487,us,United States of America,1,Verizon Wireless 
311,593,us,United States of America,1,Verizon Wireless 
312,599,us,United States of America,1,Verizon Wireless 
312,590,us,United States of America,1,Verizon Wireless 
310,898,us,United States of America,1,Verizon Wireless 
310,350,us,United States of America,1,Verizon Wireless 
311,484,us,United States of America,1,Verizon Wireless 
310,281,us,United States of America,1,Verizon Wireless 
311,287,us,United States of America,1,Verizon Wireless 
312,481,us,United States of America,1,Verizon Wireless 
310,820,us,United States of America,1,Verizon Wireless 
311,895,us,United States of America,1,Verizon Wireless 
310,272,us,United States of America,1,Verizon Wireless 
311,278,us,United States of America,1,Verizon Wireless 
312,284,us,United States of America,1,Verizon Wireless 
310,592,us,United States of America,1,Verizon Wireless 
311,598,us,United States of America,1,Verizon Wireless 
312,892,us,United States of America,1,Verizon Wireless 
311,110,us,United States of America,1,Verizon Wireless 
312,275,us,United States of America,1,Verizon Wireless 
310,483,us,United States of America,1,Verizon Wireless 
311,489,us,United States of America,1,Verizon Wireless 
312,595,us,United States of America,1,Verizon Wireless 
311,480,us,United States of America,1,Verizon Wireless 
312,486,us,United States of America,1,Verizon Wireless 
310,894,us,United States of America,1,Verizon Wireless 
311,910,us,United States of America,1,Verizon Wireless 
310,286,us,United States of America,1,Verizon Wireless 
310,277,us,United States of America,1,Verizon Wireless 
311,283,us,United States of America,1,Verizon Wireless 
312,289,us,United States of America,1,Verizon Wireless 
310,597,us,United States of America,1,Verizon Wireless 
311,891,us,United States of America,1,Verizon Wireless 
312,897,us,United States of America,1,Verizon Wireless 
310,13,us,United States of America,1,Verizon Wireless 
311,274,us,United States of America,1,Verizon Wireless 
312,280,us,United States of America,1,Verizon Wireless 
310,488,us,United States of America,1,Verizon Wireless 
311,594,us,United States of America,1,Verizon Wireless 
312,770,us,United States of America,1,Verizon Wireless 
312,591,us,United States of America,1,Verizon Wireless 
310,899,us,United States of America,1,Verizon Wireless 
312,271,us,United States of America,1,Verizon Wireless 
310,4,us,United States of America,1,Verizon Wireless 
310,390,us,United States of America,1,Verizon Wireless 
311,485,us,United States of America,1,Verizon Wireless 
310,282,us,United States of America,1,Verizon Wireless 
311,288,us,United States of America,1,Verizon Wireless 
312,482,us,United States of America,1,Verizon Wireless 
310,890,us,United States of America,1,Verizon Wireless 
311,896,us,United States of America,1,Verizon Wireless 
310,273,us,United States of America,1,Verizon Wireless 
311,279,us,United States of America,1,Verizon Wireless 
312,285,us,United States of America,1,Verizon Wireless 
310,593,us,United States of America,1,Verizon Wireless 
311,599,us,United States of America,1,Verizon Wireless 
312,893,us,United States of America,1,Verizon Wireless 
312,276,us,United States of America,1,Verizon Wireless 
310,484,us,United States of America,1,Verizon Wireless 
311,590,us,United States of America,1,Verizon Wireless 
312,596,us,United States of America,1,Verizon Wireless 
311,481,us,United States of America,1,Verizon Wireless 
312,487,us,United States of America,1,Verizon Wireless 
310,895,us,United States of America,1,Verizon Wireless 
312,12,us,United States of America,1,Verizon Wireless 
310,287,us,United States of America,1,Verizon Wireless 
310,278,us,United States of America,1,Verizon Wireless 
311,284,us,United States of America,1,Verizon Wireless 
312,350,us,United States of America,1,Verizon Wireless 
310,598,us,United States of America,1,Verizon Wireless 
311,892,us,United States of America,1,Verizon Wireless 
312,898,us,United States of America,1,Verizon Wireless 
310,110,us,United States of America,1,Verizon Wireless 
311,275,us,United States of America,1,Verizon Wireless 
312,281,us,United States of America,1,Verizon Wireless 
310,489,us,United States of America,1,Verizon Wireless 
311,595,us,United States of America,1,Verizon Wireless 
312,820,us,United States of America,1,Verizon Wireless 
310,910,us,United States of America,1,Verizon Wireless 
312,272,us,United States of America,1,Verizon Wireless 
310,480,us,United States of America,1,Verizon Wireless 
311,486,us,United States of America,1,Verizon Wireless 
312,592,us,United States of America,1,Verizon Wireless 
310,283,us,United States of America,1,Verizon Wireless 
311,289,us,United States of America,1,Verizon Wireless 
312,483,us,United States of America,1,Verizon Wireless 
310,891,us,United States of America,1,Verizon Wireless 
311,897,us,United States of America,1,Verizon Wireless 
310,274,us,United States of America,1,Verizon Wireless 
311,280,us,United States of America,1,Verizon Wireless 
312,286,us,United States of America,1,Verizon Wireless 
310,594,us,United States of America,1,Verizon Wireless 
311,770,us,United States of America,1,Verizon Wireless 
312,894,us,United States of America,1,Verizon Wireless 
311,271,us,United States of America,1,Verizon Wireless 
312,277,us,United States of America,1,Verizon Wireless 
310,485,us,United States of America,1,Verizon Wireless 
311,591,us,United States of America,1,Verizon Wireless 
312,597,us,United States of America,1,Verizon Wireless 
312,488,us,United States of America,1,Verizon Wireless 
310,896,us,United States of America,1,Verizon Wireless 
312,13,us,United States of America,1,Verizon Wireless 
310,288,us,United States of America,1,Verizon Wireless 
311,482,us,United States of America,1,Verizon Wireless 
310,279,us,United States of America,1,Verizon Wireless 
311,285,us,United States of America,1,Verizon Wireless 
312,390,us,United States of America,1,Verizon Wireless 
310,599,us,United States of America,1,Verizon Wireless 
311,893,us,United States of America,1,Verizon Wireless 
312,899,us,United States of America,1,Verizon Wireless 
311,276,us,United States of America,1,Verizon Wireless 
312,282,us,United States of America,1,Verizon Wireless 
310,590,us,United States of America,1,Verizon Wireless 
311,596,us,United States of America,1,Verizon Wireless 
312,890,us,United States of America,1,Verizon Wireless 
311,12,us,United States of America,1,Verizon Wireless 
312,273,us,United States of America,1,Verizon Wireless 
310,481,us,United States of America,1,Verizon Wireless 
311,487,us,United States of America,1,Verizon Wireless 
312,593,us,United States of America,1,Verizon Wireless 
311,350,us,United States of America,1,Verizon Wireless 
312,484,us,United States of America,1,Verizon Wireless 
310,892,us,United States of America,1,Verizon Wireless 
311,898,us,United States of America,1,Verizon Wireless 
310,284,us,United States of America,1,Verizon Wireless 
310,275,us,United States of America,1,Verizon Wireless 
311,281,us,United States of America,1,Verizon Wireless 
312,287,us,United States of America,1,Verizon Wireless 
310,595,us,United States of America,1,Verizon Wireless 
311,820,us,United States of America,1,Verizon Wireless 
312,895,us,United States of America,1,Verizon Wireless 
311,272,us,United States of America,1,Verizon Wireless 
312,278,us,United States of America,1,Verizon Wireless 
310,486,us,United States of America,1,Verizon Wireless 
311,592,us,United States of America,1,Verizon Wireless 
312,598,us,United States of America,1,Verizon Wireless 
312,489,us,United States of America,1,Verizon Wireless 
310,897,us,United States of America,1,Verizon Wireless 
312,110,us,United States of America,1,Verizon Wireless 
310,289,us,United States of America,1,Verizon Wireless 
311,483,us,United States of America,1,Verizon Wireless 
310,740,us,United States of America,1,Viaero Wireless 
310,450,us,United States of America,1,Viaero Wireless 
310,860,us,United States of America,1,West Central Wireless 
748,1,uy,Uruguay,598,Antel Movil 
748,10,uy,Uruguay,598,Claro 
748,7,uy,Uruguay,598,Movistar 
434,4,uz,Uzbekistan,998,Beeline 
434,6,uz,Uzbekistan,998,Perfectum Mobile 
434,5,uz,Uzbekistan,998,Ucell 
434,7,uz,Uzbekistan,998,UMS 
434,3,uz,Uzbekistan,998,UzMobile 
541,5,vu,Vanuatu,678,Digicel 
541,1,vu,Vanuatu,678,Smile 
734,2,ve,Venezuela,58,Digitel 
734,6,ve,Venezuela,58,Movilnet 
734,4,ve,Venezuela,58,Movistar 
452,7,vn,Vietnam,84,Gmobile 
452,8,vn,Vietnam,84,I-Telecom 
452,1,vn,Vietnam,84,MobiFone 
452,9,vn,Vietnam,84,Reddi 
452,5,vn,Vietnam,84,Vietnamobile 
452,6,vn,Vietnam,84,Viettel 
452,4,vn,Vietnam,84,Viettel 
452,2,vn,Vietnam,84,VinaPhone 
543,1,wf,Wallis and Futuna,,Manuia 
421,1,ye,Yemen,967,SabaFon 
421,2,ye,Yemen,967,Spacetel 
421,4,ye,Yemen,967,Y 
421,3,ye,Yemen,967,Yemen Mobile 
645,1,zm,Zambia,260,Airtel 
645,2,zm,Zambia,260,MTN 
645,3,zm,Zambia,260,Zamtel 
648,4,zw,Zimbabwe,263,Econet 
648,1,zw,Zimbabwe,263,NetOne 
648,3,zw,Zimbabwe,263,Telecel 
